Virus name	Accession ID	Collection date	Location	Host	Additional location information	Sampling strategy	Gender	Patient age	Patient status	Last vaccinated	Passage	Specimen	Additional host information	Lineage	Clade	AA Substitutions
hCoV-19/USA/MA-Yale-1062/2020	EPI_ISL_1017641	2020-04-23	North America / USA / Massachusetts	Human			unknown	unknown	unknown		Original	Nasopharyngeal swab		A.3	S	(NSP14_F233L,N_A208G,NSP3_P153L,NS8_V62L,NSP8_M129I,NSP1_D75E,NS8_L84S)
hCoV-19/USA/IL-IDPH-COO-C-001507/2020	EPI_ISL_1032699	2020-06-26	North America / USA / Illinois / Cook County	Human			unknown	unknown	unknown		Original			A.3	S	(NSP14_F233L,NSP3_I205del,NSP3_E206K,Spike_L822F,N_A208G,NSP3_P153L,NS8_V62L,NSP8_M129I,NSP1_D75E,NS8_L84S,NSP16_K160R)
hCoV-19/Panama/GMI-PA341769/2020	EPI_ISL_1225331	2020-04-15	North America / Panama / Colon	Human	Panama/Colon/BARRIO NORTE		Female	64	unknown		Original	Oropharyngeal swab		A.3	S	(NSP14_F233L,N_A208G,NSP3_P153L,NSP12_K780R,NS8_V62L,NSP8_M129I,NSP1_D75E,NS8_L84S,NSP12_K332R)
hCoV-19/Panama/GMI-PA347337/2020	EPI_ISL_1225364	2020-04-23	North America / Panama / Herrera	Human	Panama/Herrera/SAN JUAN BAUTISTA		Male	26	unknown		Original	Oropharyngeal swab		A.3	S	(NSP14_F233L,N_A208G,NSP3_P153L,NS8_V62L,NSP16_D246G,NSP8_M129I,NSP1_D75E,NS8_L84S)
hCoV-19/Panama/GMI-PA356877/2020	EPI_ISL_1225387	2020-05-07	North America / Panama / Cocle	Human	Panama/Cocle/ANTON		Male	34	unknown		Original	Oropharyngeal swab		A.3	S	(NSP14_F233L,N_A208G,NSP3_P153L,NS8_V62L,NSP8_M129I,NSP1_D75E,NS8_L84S,NSP16_K160R)
hCoV-19/USA/GA-EHC-143O/2020	EPI_ISL_1278055	2020-04-07	North America / USA / Georgia	Human			Female	89	unknown		Original	Nasopharyngeal swab		A.3	S	(NSP14_F233L,N_A208G,NSP3_P153L,NS8_V62L,NSP8_M129I,Spike_S704L,NSP1_D75E,NS8_L84S)
hCoV-19/USA/GA-EHC-144P/2020	EPI_ISL_1278056	2020-04-07	North America / USA / Georgia	Human			Male	73	unknown		Original	Nasopharyngeal swab		A.3	S	(NSP14_F233L,NSP15_K259N,N_A208G,NSP3_P153L,NS8_V62L,NSP8_M129I,NSP1_D75E,NS8_L84S)
hCoV-19/USA/GA-EHC-145Q/2020	EPI_ISL_1278057	2020-04-07	North America / USA / Georgia	Human			Male	82	unknown		Original	Nasopharyngeal swab		A.3	S	(NSP14_F233L,N_A208G,NSP3_P153L,NS8_V62L,NSP8_M129I,NSP1_D75E,NS8_L84S)
hCoV-19/USA/GA-EHC-147S/2020	EPI_ISL_1278058	2020-04-05	North America / USA / Georgia	Human			Male	54	unknown		Original	Nasopharyngeal swab		A.3	S	(NSP14_F233L,N_A208G,NSP3_P153L,NS8_V62L,NSP8_M129I,NSP1_D75E,NS8_L84S)
hCoV-19/USA/GA-EHC-179Y/2020	EPI_ISL_1278059	2020-04-18	North America / USA / Georgia	Human			Female	81	unknown		Original	Nasopharyngeal swab		A.3	S	(NSP14_F233L,NSP15_K259N,N_A208G,NSP3_P153L,NS8_V62L,NSP8_M129I,NSP1_D75E,NS8_L84S)
hCoV-19/USA/GA-EHC-202V/2020	EPI_ISL_1278062	2020-04-21	North America / USA / Georgia	Human			Female	101	unknown		Original	Nasopharyngeal swab		A.3	S	(NSP14_F233L,N_A208G,NSP3_P153L,NS8_V62L,NSP8_M129I,NSP1_D75E,NS8_L84S,NS8_V117F)
hCoV-19/USA/GA-EHC-246N/2020	EPI_ISL_1278065	2020-05-06	North America / USA / Georgia	Human			Female	88	unknown		Original	Nasopharyngeal swab		A.3	S	(NSP14_F233L,Spike_M1050L,N_A208G,NSP3_P153L,NS8_V62L,NSP8_M129I,NSP1_D75E,NS8_L84S)
hCoV-19/USA/GA-EHC-022V/2020	EPI_ISL_1278099	2020-03-11	North America / USA / Georgia	Human			Female	64	unknown		Original	Nasopharyngeal swab		A.3	S	(NSP14_F233L,N_A208G,NSP3_P153L,NSP3_S1682F,NS8_V62L,NSP8_M129I,NSP1_D75E,NS8_L84S)
hCoV-19/Mexico/ZAC-InDRE-IBT-49/2020	EPI_ISL_1301519	2020-04-30	North America / Mexico / Zacatecas	Human			Female	65	Deceased		Original	Pharyngeal swab		A.3	S	(NSP14_F233L,N_T393I,Spike_D228E,N_A208G,NSP3_P153L,NS8_V62L,NSP8_M129I,NSP1_D75E,NS8_L84S,NSP4_I363T)
hCoV-19/USA/WA-UW330/2020	EPI_ISL_418897	2020-03-16	North America / USA / Washington	Human			unknown	unknown	unknown		Original			A.3	S	(NSP14_F233L,N_A208G,NSP3_P153L,NS8_V62L,NSP8_M129I,NSP1_D75E,NS8_L84S)
hCoV-19/Australia/VIC209/2020	EPI_ISL_419904	2020-03-20	Oceania / Australia / Victoria	Human			Female	27	unknown		Original			A.3	S	(NSP14_F233L,N_T393I,N_A208G,NSP3_P153L,NS8_V62L,NSP8_M129I,NSP1_D75E,NS8_L84S)
hCoV-19/USA/NY-PV08490/2020	EPI_ISL_421426	2020-03-17	North America / USA / New York	Human			Male	22	unknown		Original	Nasopharyngeal swab		A.3	S	(NSP14_F233L,N_A208G,NSP3_P153L,NS8_V62L,NSP8_M129I,NSP1_D75E,NS8_L84S)
hCoV-19/Taiwan/NTU13/2020	EPI_ISL_422415	2020-03-17	Asia / Taiwan / Taipei	Human	Travel history to USA		Female	59	Hospitalized		Vero E6	Throat swab		A.3	S	(NSP14_F233L,N_T393I,N_A208G,NSP3_P153L,NS8_V62L,NSP8_M129I,NSP1_D75E,NS8_L84S)
hCoV-19/Scotland/CVR634/2020	EPI_ISL_425793	2020-03-25	Europe / United Kingdom / Scotland	Human			unknown	unknown	unknown		Original			A.3	S	(NSP14_F233L,N_A208G,NSP3_P153L,NS8_V62L,NSP8_M129I,NSP1_D75E,NS8_L84S)
hCoV-19/USA/WA-UW-2228/2020	EPI_ISL_426119	2020-03-23	North America / USA / Washington	Human			unknown	unknown	unknown		Original			A.3	S	(NSP14_F233L,N_A208G,NSP3_P153L,NS8_V62L,NSP8_M129I,NSP1_D75E,NS8_L84S)
hCoV-19/USA/WA-UW-3841/2020	EPI_ISL_427190	2020-03-26	North America / USA / Washington	Human			unknown	unknown	unknown		Original			A.3	S	(N_G238C,NSP14_F233L,N_A208G,NSP3_P153L,NS8_V62L,N_T247A,NSP8_M129I,NSP1_D75E,NS8_L84S)
hCoV-19/USA/OH-OSUP0016/2020	EPI_ISL_427288	2020-03-31	North America / USA / Ohio / Columbus	Human			Male	22	unknown		Original			A.3	S	(NSP14_F233L,N_A208G,NSP3_P153L,NS8_V62L,NSP8_M129I,NSP1_D75E,NS8_L84S,NSP6_L37F)
hCoV-19/USA/IL-UW-126/2020	EPI_ISL_427433	2020-04-11	North America / USA / Illinois / Winnebago County	Human			unknown	unknown	unknown		Original	Nasal swab		A.3	S	(NSP14_F233L,NSP15_Y342C,NSP4_I377M,N_A208G,NSP3_P153L,NS8_V62L,NSP8_M129I,NSP1_D75E,NS8_L84S)
hCoV-19/USA/IL-UW-143/2020	EPI_ISL_427450	2020-04-13	North America / USA / Illinois / Winnebago County	Human			unknown	unknown	unknown		Original	Nasal swab		A.3	S	(NSP14_F233L,NSP15_Y342C,NSP4_I377M,N_A208G,NSP3_P153L,NS8_V62L,NSP8_M129I,NSP1_D75E,NS8_L84S)
hCoV-19/USA/NY-WCMP11A03P/2020	EPI_ISL_427583	2020-03-16	North America / USA / New York / Manhattan	Human	Hospital		unknown	unknown	unknown		Original	Nasopharyngeal swab		A.3	S	(NSP14_F233L,N_A208G,NSP3_P153L,NS8_V62L,NSP8_M129I,NSP1_D75E,NS8_L84S)
hCoV-19/USA/WI-UW-184/2020	EPI_ISL_428280	2020-03-22	North America / USA / Wisconsin / Milwaukee County	Human			unknown	unknown	unknown		Original	Nasopharyngeal swab		A.3	S	(NSP14_F233L,N_D348Y,N_A208G,NSP3_P153L,NS8_V62L,NSP8_M129I,NSP1_D75E,NS8_L84S)
hCoV-19/USA/VA-DCLS-0070/2020	EPI_ISL_429970	2020-03-28	North America / USA / Virginia	Human			unknown	unknown	unknown		Original			A.3	S	(NSP14_F233L,N_A208G,NSP3_P153L,NS8_V62L,NSP8_M129I,NSP1_D75E,NS8_L84S)
hCoV-19/USA/VA-DCLS-0071/2020	EPI_ISL_429971	2020-03-30	North America / USA / Virginia	Human			unknown	unknown	unknown		Original			A.3	S	(NSP14_F233L,N_A208G,NSP3_P153L,NS8_V62L,NSP8_M129I,NSP1_D75E,NS8_L84S,NSP3_P874S)
hCoV-19/USA/WA-S262/2020	EPI_ISL_430116	2020-03-16	North America / USA / Washington	Human			unknown	unknown	unknown		Original			A.3	S	(NSP14_F233L,NSP15_A92V,N_A208G,NSP3_P153L,NS8_V62L,NSP8_M129I,NSP1_D75E,NS8_L84S)
hCoV-19/USA/WA-S278/2020	EPI_ISL_430132	2020-03-17	North America / USA / Washington	Human			unknown	unknown	unknown		Original			A.3	S	(NSP14_F233L,NSP15_A92V,N_A208G,NSP3_P153L,NS8_V62L,NSP8_M129I,NSP1_D75E,NS8_L84S)
hCoV-19/USA/VA-DCLS-0095/2020	EPI_ISL_434590	2020-04-09	North America / USA / Virginia	Human			unknown	unknown	unknown		Original			A.3	S	(NSP14_F233L,N_A208G,NSP3_P153L,NS8_V62L,NSP8_M129I,NSP1_D75E,NS8_L84S)
hCoV-19/USA/VA-DCLS-0097/2020	EPI_ISL_434591	2020-04-10	North America / USA / Virginia	Human			unknown	unknown	unknown		Original			A.3	S	(NSP14_F233L,N_A208G,NSP3_P153L,NS8_V62L,NSP8_M129I,NSP1_D75E,NS8_L84S)
hCoV-19/USA/VA-DCLS-0098/2020	EPI_ISL_434592	2020-04-10	North America / USA / Virginia	Human			unknown	unknown	unknown		Original			A.3	S	(NSP14_F233L,N_A208G,NSP3_P153L,NS8_V62L,NSP8_M129I,NSP1_D75E,NS8_L84S)
hCoV-19/USA/MD-HP00030/2020	EPI_ISL_434686	2020-03-20	North America / USA / Maryland	Human			Male	73	unknown		Original	Nasopharyngeal swab		A.3	S	(NSP14_F233L,N_A208G,NSP3_P153L,NS8_V62L,NSP8_M129I,NSP1_D75E,NS8_L84S)
hCoV-19/USA/TX-HMH021/2020	EPI_ISL_434731	2020-03-17	North America / USA / Texas	Human			unknown	unknown	unknown		Original			A.3	S	(NSP14_F233L,N_T393I,N_A208G,NSP3_P153L,NS8_V62L,NSP8_M129I,NSP1_D75E,NS8_L84S)
hCoV-19/USA/TX-HMH022/2020	EPI_ISL_434732	2020-03-17	North America / USA / Texas	Human			unknown	unknown	unknown		Original			A.3	S	(NSP14_F233L,N_T393I,N_A208G,NSP3_P153L,NSP3_S1375F,NS8_V62L,NSP8_M129I,NSP1_D75E,NS8_L84S)
hCoV-19/USA/TX-HMH049/2020	EPI_ISL_434758	2020-03-16	North America / USA / Texas	Human			unknown	unknown	unknown		Original			A.3	S	(NSP14_F233L,N_T393I,N_A208G,NS8_V62L,NSP8_M129I,NSP1_D75E,NS8_L84S)
hCoV-19/USA/TX-HMH051/2020	EPI_ISL_434760	2020-03-17	North America / USA / Texas	Human			unknown	unknown	unknown		Original			A.3	S	(NSP14_F233L,N_A208G,NSP3_P153L,NS8_V62L,NSP8_M129I,NSP1_D75E,NS8_L84S)
hCoV-19/USA/TX-HMH057/2020	EPI_ISL_434766	2020-03-17	North America / USA / Texas	Human			unknown	unknown	unknown		Original			A.3	S	(NSP14_F233L,N_T393I,N_A208G,NSP3_P153L,NSP3_S1375F,NS8_V62L,NSP8_M129I,NSP1_D75E,NS8_L84S)
hCoV-19/USA/TX-HMH066/2020	EPI_ISL_434775	2020-03-18	North America / USA / Texas	Human			unknown	unknown	unknown		Original			A.3	S	(NSP14_F233L,N_T393I,N_A208G,NSP3_P153L,NS8_V62L,NSP8_M129I,NSP1_D75E,NS8_L84S)
hCoV-19/USA/TX-HMH068/2020	EPI_ISL_434777	2020-03-18	North America / USA / Texas	Human			unknown	unknown	unknown		Original			A.3	S	(NSP14_F233L,N_T393I,N_A208G,NSP3_P153L,NS8_V62L,NSP8_M129I,NSP1_D75E,NS8_L84S)
hCoV-19/USA/TX-HMH079/2020	EPI_ISL_434788	2020-03-19	North America / USA / Texas	Human			unknown	unknown	unknown		Original			A.3	S	(NSP14_F233L,N_T393I,N_A208G,NSP3_P153L,NS8_V62L,NSP8_M129I,NSP1_D75E,NS8_L84S)
hCoV-19/USA/TX-HMH092/2020	EPI_ISL_434797	2020-03-19	North America / USA / Texas	Human			unknown	unknown	unknown		Original			A.3	S	(NSP14_F233L,N_T393I,N_A208G,NSP3_P153L,NS8_V62L,NSP8_M129I,NSP1_D75E,NS8_L84S)
hCoV-19/USA/TX-HMH096/2020	EPI_ISL_434801	2020-03-19	North America / USA / Texas	Human			unknown	unknown	unknown		Original			A.3	S	(NSP14_F233L,N_T393I,N_A208G,NSP3_P153L,NS8_V62L,NSP8_M129I,NSP1_D75E,NS8_L84S)
hCoV-19/USA/TX-HMH0104/2020	EPI_ISL_434809	2020-03-20	North America / USA / Texas	Human			unknown	unknown	unknown		Original			A.3	S	(NSP14_F233L,N_T393I,N_A208G,NSP3_P153L,NS8_V62L,NSP8_M129I,NSP1_D75E,NS8_L84S)
hCoV-19/USA/TX-HMH0105/2020	EPI_ISL_434810	2020-03-20	North America / USA / Texas	Human			unknown	unknown	unknown		Original			A.3	S	(NSP14_F233L,N_T393I,N_A208G,NSP3_P153L,NS8_V62L,NSP8_M129I,NSP1_D75E,NS8_L84S)
hCoV-19/USA/TX-HMH0110/2020	EPI_ISL_434812	2020-03-20	North America / USA / Texas	Human			unknown	unknown	unknown		Original			A.3	S	(NSP14_F233L,N_T393I,N_A208G,NSP3_P153L,NS8_V62L,NSP8_M129I,NSP1_D75E,NS8_L84S)
hCoV-19/USA/TX-HMH0111/2020	EPI_ISL_434813	2020-03-20	North America / USA / Texas	Human			unknown	unknown	unknown		Original			A.3	S	(NSP14_F233L,N_T393I,N_A208G,NSP3_P153L,NS8_V62L,NSP8_M129I,NSP1_D75E,NS8_L84S)
hCoV-19/USA/TX-HMH0112/2020	EPI_ISL_434814	2020-03-20	North America / USA / Texas	Human			unknown	unknown	unknown		Original			A.3	S	(NSP14_F233L,N_T393I,N_A208G,NSP3_P153L,NS8_V62L,NSP8_M129I,NSP1_D75E,NS8_L84S)
hCoV-19/USA/TX-HMH0125/2020	EPI_ISL_434825	2020-03-20	North America / USA / Texas	Human			unknown	unknown	unknown		Original			A.3	S	(NSP14_F233L,N_T393I,N_A208G,NSP3_P153L,NS8_V62L,NSP8_M129I,NSP1_D75E,NS8_L84S)
hCoV-19/USA/TX-HMH0126/2020	EPI_ISL_434826	2020-03-20	North America / USA / Texas	Human			unknown	unknown	unknown		Original			A.3	S	(NSP14_F233L,N_T393I,N_A208G,NS8_V62L,NSP8_M129I,NSP1_D75E,NS8_L84S)
hCoV-19/USA/TX-HMH0127/2020	EPI_ISL_434827	2020-03-20	North America / USA / Texas	Human			unknown	unknown	unknown		Original			A.3	S	(NSP14_F233L,N_T393I,NSP1_H13Y,N_A208G,NSP3_P153L,NS8_V62L,NSP8_M129I,NSP1_D75E,NS8_L84S)
hCoV-19/USA/TX-HMH0128/2020	EPI_ISL_434828	2020-03-21	North America / USA / Texas	Human			unknown	unknown	unknown		Original			A.3	S	(NSP14_F233L,N_T393I,N_A208G,NSP3_P153L,NS8_V62L,NSP8_M129I,NSP1_D75E,NS8_L84S)
hCoV-19/USA/TX-HMH0129/2020	EPI_ISL_434829	2020-03-21	North America / USA / Texas	Human			unknown	unknown	unknown		Original			A.3	S	(NSP14_F233L,N_T393I,NSP1_H13Y,N_A208G,NSP3_P153L,NS8_V62L,NSP8_M129I,NSP1_D75E,NS8_L84S)
hCoV-19/USA/TX-HMH0131/2020	EPI_ISL_434831	2020-03-21	North America / USA / Texas	Human			unknown	unknown	unknown		Original			A.3	S	(NSP14_F233L,NSP2_A411V,N_T393I,N_A208G,NSP3_P153L,NS8_V62L,NSP8_M129I,NSP1_D75E,NS8_L84S,NS8_C20F)
hCoV-19/USA/TX-HMH0135/2020	EPI_ISL_434835	2020-03-21	North America / USA / Texas	Human			unknown	unknown	unknown		Original			A.3	S	(NSP14_F233L,N_T393I,N_A208G,NS8_V62L,NSP8_M129I,NSP1_D75E,NS8_L84S)
hCoV-19/USA/TX-HMH0136/2020	EPI_ISL_434836	2020-03-21	North America / USA / Texas	Human			unknown	unknown	unknown		Original			A.3	S	(NSP14_F233L,N_T393I,N_A208G,NS8_V62L,NSP8_M129I,NSP1_D75E,NS8_L84S)
hCoV-19/USA/TX-HMH0141/2020	EPI_ISL_434840	2020-03-21	North America / USA / Texas	Human			unknown	unknown	unknown		Original			A.3	S	(NSP14_F233L,N_T393I,N_A208G,NSP3_P153L,NS8_V62L,NSP8_M129I,NSP1_D75E,NS8_L84S)
hCoV-19/USA/TX-HMH0150/2020	EPI_ISL_434849	2020-03-22	North America / USA / Texas	Human			unknown	unknown	unknown		Original			A.3	S	(NSP14_F233L,N_T393I,NSP1_H13Y,N_A208G,NSP3_P153L,NS8_V62L,NSP8_M129I,NSP1_D75E,NS8_L84S)
hCoV-19/USA/TX-HMH0156/2020	EPI_ISL_434855	2020-03-23	North America / USA / Texas	Human			unknown	unknown	unknown		Original			A.3	S	(NSP14_F233L,N_T393I,N_A208G,NSP3_P153L,NSP3_S1682F,NS8_V62L,NSP8_M129I,NSP1_D75E,NS8_L84S)
hCoV-19/USA/TX-HMH0184/2020	EPI_ISL_434862	2020-03-23	North America / USA / Texas	Human			unknown	unknown	unknown		Original			A.3	S	(NSP14_F233L,N_T393I,NS7b_W29stop,N_A208G,NSP3_P153L,NS8_V62L,NSP8_M129I,NSP3_T350I,NSP1_D75E,NS8_L84S)
hCoV-19/USA/TX-HMH0192/2020	EPI_ISL_434867	2020-03-23	North America / USA / Texas	Human			unknown	unknown	unknown		Original			A.3	S	(NSP14_F233L,N_T393I,N_A208G,NSP3_P153L,NS8_V62L,NSP8_M129I,NSP1_D75E,NS8_L84S)
hCoV-19/USA/TX-HMH0197/2020	EPI_ISL_434872	2020-03-23	North America / USA / Texas	Human			unknown	unknown	unknown		Original			A.3	S	(NSP14_F233L,N_T393I,N_A208G,NS8_V62L,NSP8_M129I,NSP1_D75E,NS8_L84S)
hCoV-19/USA/TX-HMH0198/2020	EPI_ISL_434873	2020-03-24	North America / USA / Texas	Human			unknown	unknown	unknown		Original			A.3	S	(NSP14_F233L,NSP3_H1539Y,N_A208G,NSP3_P153L,NS8_V62L,NSP8_M129I,NSP1_D75E,NS8_L84S)
hCoV-19/USA/TX-HMH0207/2020	EPI_ISL_434882	2020-03-24	North America / USA / Texas	Human			unknown	unknown	unknown		Original			A.3	S	(NSP14_F233L,N_T393I,N_A208G,NSP3_P153L,NS8_V62L,NSP8_M129I,NSP1_D75E,NS8_L84S)
hCoV-19/USA/TX-HMH0209/2020	EPI_ISL_434884	2020-03-24	North America / USA / Texas	Human			unknown	unknown	unknown		Original			A.3	S	(NSP14_F233L,N_T393I,N_A208G,NSP3_P153L,NS8_V62L,NSP8_M129I,NSP1_D75E,NS8_L84S)
hCoV-19/USA/TX-HMH0211/2020	EPI_ISL_434886	2020-03-24	North America / USA / Texas	Human			unknown	unknown	unknown		Original			A.3	S	(NSP14_F233L,N_T393I,N_A208G,NS8_V62L,NSP8_M129I,NSP1_D75E,NS8_L84S,NS6_I60T)
hCoV-19/USA/TX-HMH0234/2020	EPI_ISL_434891	2020-03-24	North America / USA / Texas	Human			unknown	unknown	unknown		Original			A.3	S	(NSP14_F233L,N_T393I,N_A208G,NSP3_P153L,E_S68F,NS8_V62L,NSP8_M129I,NSP1_D75E,NS8_L84S)
hCoV-19/USA/TX-HMH0263/2020	EPI_ISL_434892	2020-03-26	North America / USA / Texas	Human			unknown	unknown	unknown		Original			A.3	S	(NSP14_F233L,N_T393I,N_A208G,NSP3_P153L,NS8_V62L,NSP2_G260R,NSP8_M129I,NSP1_D75E,NS8_L84S)
hCoV-19/USA/TX-HMH0274/2020	EPI_ISL_434902	2020-03-27	North America / USA / Texas	Human			unknown	unknown	unknown		Original			A.3	S	(NSP14_F233L,N_T393I,N_A208G,NSP3_P153L,NS8_V62L,NSP8_M129I,NSP1_D75E,NS8_L84S)
hCoV-19/USA/TX-HMH0276/2020	EPI_ISL_434904	2020-03-27	North America / USA / Texas	Human			unknown	unknown	unknown		Original			A.3	S	(NSP14_F233L,N_T393I,N_A208G,NSP3_P153L,NS8_V62L,NSP8_M129I,NSP1_D75E,NS8_L84S)
hCoV-19/USA/TX-HMH0277/2020	EPI_ISL_434905	2020-03-27	North America / USA / Texas	Human			unknown	unknown	unknown		Original			A.3	S	(NSP14_F233L,N_T393I,N_A208G,NSP3_P153L,NS8_V62L,NSP8_M129I,NSP1_D75E,NS8_L84S)
hCoV-19/USA/TX-HMH0279/2020	EPI_ISL_434907	2020-03-27	North America / USA / Texas	Human			unknown	unknown	unknown		Original			A.3	S	(NSP14_F233L,N_T393I,N_A208G,NSP3_P153L,NS8_V62L,NSP8_M129I,NSP1_D75E,NS8_L84S)
hCoV-19/USA/TX-HMH0290/2020	EPI_ISL_434916	2020-03-27	North America / USA / Texas	Human			unknown	unknown	unknown		Original			A.3	S	(NSP14_F233L,N_T393I,N_A208G,NSP3_P153L,NS8_V62L,NSP8_M129I,NSP1_D75E,NS8_L84S)
hCoV-19/USA/TX-HMH0300/2020	EPI_ISL_434923	2020-03-28	North America / USA / Texas	Human			unknown	unknown	unknown		Original			A.3	S	(NSP14_F233L,N_A208G,NSP3_P153L,NS8_V62L,NSP8_M129I,NSP1_D75E,NS8_L84S)
hCoV-19/USA/TX-HMH0301/2020	EPI_ISL_434924	2020-03-28	North America / USA / Texas	Human			unknown	unknown	unknown		Original			A.3	S	(NSP14_F233L,NSP2_A411V,N_T393I,N_A208G,NSP3_P153L,NS8_V62L,NSP8_M129I,NSP1_D75E,NS8_L84S,NS8_C20F)
hCoV-19/USA/TX-HMH0303/2020	EPI_ISL_434925	2020-03-28	North America / USA / Texas	Human			unknown	unknown	unknown		Original			A.3	S	(NSP14_F233L,N_T393I,N_A208G,NSP3_P153L,NSP15_G129S,NS8_V62L,NSP8_M129I,NSP1_D75E,NS8_L84S)
hCoV-19/USA/TX-HMH0318/2020	EPI_ISL_434932	2020-03-28	North America / USA / Texas	Human			unknown	unknown	unknown		Original			A.3	S	(NSP14_F233L,N_T393I,N_A208G,NS8_V62L,NSP8_M129I,NSP1_D75E,NS8_L84S)
hCoV-19/USA/TX-HMH0322/2020	EPI_ISL_434934	2020-03-28	North America / USA / Texas	Human			unknown	unknown	unknown		Original			A.3	S	(NSP14_F233L,N_T393I,N_A208G,NSP3_P153L,NS8_V62L,NSP8_M129I,NSP1_D75E,NS8_L84S)
hCoV-19/USA/TX-HMH0360/2020	EPI_ISL_434953	2020-03-29	North America / USA / Texas	Human			unknown	unknown	unknown		Original			A.3	S	(NSP14_F233L,N_D297Y,N_T393I,N_A208G,NSP3_P153L,NS8_V62L,NSP8_M129I,NSP1_D75E,NS8_L84S)
hCoV-19/USA/TX-HMH0370/2020	EPI_ISL_434961	2020-03-27	North America / USA / Texas	Human			unknown	unknown	unknown		Original			A.3	S	(NSP14_F233L,N_T393I,N_A208G,NSP3_P153L,NS8_V62L,NSP8_M129I,NSP1_D75E,NS8_L84S)
hCoV-19/USA/TX-HMH0375/2020	EPI_ISL_434964	2020-03-31	North America / USA / Texas	Human			unknown	unknown	unknown		Original			A.3	S	(NSP14_F233L,N_T393I,NSP1_H13Y,N_A208G,NSP3_P153L,NS8_V62L,NSP8_M129I,NSP1_D75E,NS8_L84S)
hCoV-19/USA/TX-HMH0379/2020	EPI_ISL_434967	2020-03-30	North America / USA / Texas	Human			unknown	unknown	unknown		Original			A.3	S	(NSP14_F233L,N_T393I,N_A208G,NSP3_P153L,NS8_V62L,NSP8_M129I,NSP1_D75E,NS8_L84S)
hCoV-19/USA/TX-HMH0381/2020	EPI_ISL_434969	2020-03-30	North America / USA / Texas	Human			unknown	unknown	unknown		Original			A.3	S	(NSP14_F233L,N_T393I,N_A208G,NSP3_P153L,NS8_V62L,NS8_I88V,NSP8_M129I,NSP1_D75E,NS8_L84S)
hCoV-19/USA/TX-HMH0383/2020	EPI_ISL_434971	2020-03-31	North America / USA / Texas	Human			unknown	unknown	unknown		Original			A.3	S	(NSP14_F233L,N_T393I,N_A208G,NSP3_P153L,NS8_V62L,NS8_I88V,NSP2_L608F,NSP8_M129I,NSP1_D75E,NS8_L84S)
hCoV-19/USA/TX-HMH0387/2020	EPI_ISL_434974	2020-03-29	North America / USA / Texas	Human			unknown	unknown	unknown		Original			A.3	S	(NSP14_F233L,N_T393I,N_A208G,NSP3_P153L,NS8_V62L,NSP8_M129I,NSP1_D75E,NS8_L84S)
hCoV-19/USA/TX-HMH0391/2020	EPI_ISL_434978	2020-03-27	North America / USA / Texas	Human			unknown	unknown	unknown		Original			A.3	S	(NSP14_F233L,NSP3_P2S,N_T393I,N_A208G,NSP3_P153L,NS8_V62L,NSP8_M129I,NSP1_D75E,NS8_L84S,NSP2_G212C)
hCoV-19/USA/TX-HMH0394/2020	EPI_ISL_434981	2020-03-31	North America / USA / Texas	Human			unknown	unknown	unknown		Original			A.3	S	(NSP14_F233L,N_T393I,N_A208G,NS8_V62L,NSP8_M129I,NSP1_D75E,NS8_L84S)
hCoV-19/USA/TX-HMH0399/2020	EPI_ISL_434986	2020-03-31	North America / USA / Texas	Human			unknown	unknown	unknown		Original			A.3	S	(NSP14_F233L,NSP16_M131I,N_T393I,NS3_V13L,N_A208G,NSP3_P153L,NS8_V62L,NSP8_M129I,NSP1_D75E,NS8_L84S)
hCoV-19/USA/TX-HMH0400/2020	EPI_ISL_434987	2020-04-01	North America / USA / Texas	Human			unknown	unknown	unknown		Original			A.3	S	(NSP14_F233L,N_T393I,N_A208G,NSP3_P153L,NSP15_G129S,NS8_V62L,NSP8_M129I,NSP1_D75E,NS8_L84S)
hCoV-19/USA/TX-HMH0423/2020	EPI_ISL_435006	2020-04-01	North America / USA / Texas	Human			unknown	unknown	unknown		Original			A.3	S	(NSP14_F233L,NSP16_M131I,N_T393I,N_A208G,NSP3_P153L,NS8_V62L,NSP8_M129I,NSP1_D75E,NS8_L84S)
hCoV-19/USA/TX-HMH0427/2020	EPI_ISL_435010	2020-04-02	North America / USA / Texas	Human			unknown	unknown	unknown		Original			A.3	S	(NSP14_F233L,NS7a_L12P,N_T393I,NSP1_H13Y,Spike_L5F,N_A208G,NSP3_P153L,NS8_V62L,NSP8_M129I,NSP1_D75E,NS8_L84S,Spike_T22I)
hCoV-19/USA/TX-HMH0428/2020	EPI_ISL_435011	2020-04-02	North America / USA / Texas	Human			unknown	unknown	unknown		Original			A.3	S	(NSP14_F233L,NS7a_L12P,N_T393I,NSP1_H13Y,N_A208G,NSP3_P153L,NS8_V62L,NSP8_M129I,NSP1_D75E,NS8_L84S,Spike_T22I)
hCoV-19/USA/TX-HMH0430/2020	EPI_ISL_435013	2020-04-02	North America / USA / Texas	Human			unknown	unknown	unknown		Original			A.3	S	(NSP14_F233L,N_T393I,N_D63N,N_A208G,NSP3_P153L,NS8_V62L,NSP8_M129I,NSP1_D75E,NS8_L84S)
hCoV-19/USA/TX-HMH0431/2020	EPI_ISL_435014	2020-04-02	North America / USA / Texas	Human			unknown	unknown	unknown		Original			A.3	S	(NSP14_F233L,N_T393I,N_A208G,NSP3_P153L,NSP15_G129S,NS8_V62L,NSP8_M129I,NSP1_D75E,NS8_L84S)
hCoV-19/USA/TX-HMH0432/2020	EPI_ISL_435015	2020-04-02	North America / USA / Texas	Human			unknown	unknown	unknown		Original			A.3	S	(NSP14_F233L,N_T393I,N_A208G,NSP3_P153L,NSP15_G129S,NS8_V62L,NSP8_M129I,NSP1_D75E,NS8_L84S)
hCoV-19/USA/TX-HMH0435/2020	EPI_ISL_435018	2020-04-02	North America / USA / Texas	Human			unknown	unknown	unknown		Original			A.3	S	(NSP14_F233L,N_T393I,N_A208G,NSP3_P153L,NS8_V62L,NSP8_M129I,NSP1_D75E,NS8_L84S)
hCoV-19/USA/TX-HMH0446/2020	EPI_ISL_435026	2020-04-03	North America / USA / Texas	Human			unknown	unknown	unknown		Original			A.3	S	(NSP14_F233L,N_T393I,N_A208G,NSP3_P153L,NS8_V62L,NSP8_M129I,NSP1_D75E,NS8_L84S)
hCoV-19/USA/TX-HMH0450/2020	EPI_ISL_435029	2020-04-03	North America / USA / Texas	Human			unknown	unknown	unknown		Original			A.3	S	(NSP14_F233L,N_T393I,N_A208G,NSP3_P153L,NS8_V62L,NSP8_M129I,NSP1_D75E,NS8_L84S)
hCoV-19/USA/MI-MDHHS-SC20050/2020	EPI_ISL_437137	2020-03-19	North America / USA / Michigan	Human			unknown	unknown	unknown		Original			A.3	S	(NSP14_F233L,N_T205I,N_A208G,NSP3_P153L,NS8_V62L,NSP8_M129I,NSP1_D75E,NS8_L84S)
hCoV-19/USA/MD-HP00076/2020	EPI_ISL_438234	2020-03-11	North America / USA / Maryland	Human			Male	30	unknown		Original	Nasopharyngeal swab		A.3	S	(NSP14_F233L,N_T393I,N_A208G,NSP3_P153L,NS8_V62L,NSP8_M129I,NSP1_D75E,NS8_L84S)
hCoV-19/USA/MD-HP00087/2020	EPI_ISL_438241	2020-03-30	North America / USA / Maryland	Human			Male	51	unknown		Original	Nasopharyngeal swab		A.3	S	(NSP14_F233L,NSP13_I432T,N_A208G,NSP3_P153L,NS8_V62L,NSP8_M129I,NSP1_D75E,NS8_L84S)
hCoV-19/USA/MD-HP00104/2020	EPI_ISL_438246	2020-03-18	North America / USA / Maryland	Human			Male	67	unknown		Original	Nasopharyngeal swab		A.3	S	(NSP14_F233L,N_T393I,N_A208G,NSP3_P153L,NS8_V62L,NSP8_M129I,NSP1_D75E,NS8_L84S)
hCoV-19/USA/IL-NM030/2020	EPI_ISL_444539	2020-03-16	North America / USA / Illinois / Chicago	Human			Male	73	unknown		Original	Bronchoalveolar lavage		A.3	S	(NSP14_F233L,N_A208G,NSP3_P153L,NS8_V62L,NSP8_M129I,NSP1_D75E,NS8_L84S)
hCoV-19/USA/IL-NM072/2020	EPI_ISL_444567	2020-03-18	North America / USA / Illinois / Chicago	Human			Female	61	unknown		Original	Nasopharyngeal swab		A.3	S	(NSP14_F233L,N_R14C,N_A208G,NSP3_P153L,NS8_V62L,NSP8_M129I,NSP1_D75E,NS8_L84S)
hCoV-19/USA/IL-NM0113/2020	EPI_ISL_444597	2020-03-19	North America / USA / Illinois / Chicago	Human			Male	89	unknown		Original	Nasopharyngeal swab		A.3	S	(NSP14_F233L,N_A208G,NS8_V62L,NSP8_M129I,NSP1_D75E,NS8_L84S)
hCoV-19/USA/NY-NYUMC565/2020	EPI_ISL_444682	2020-03-30	North America / USA / New York / Brooklyn	Human			Female	42	unknown		Original			A.3	S	(NSP14_F233L,N_A208G,NSP3_P153L,NS8_V62L,NSP8_M129I,NSP1_D75E,NS8_L84S)
hCoV-19/USA/TX_GCID_192000135/2020	EPI_ISL_445084	2020-03-25	North America / USA / Texas / Houston County	Human			Male	18-49	Severe / ICU		Original	Nasal swab		A.3	S	(NSP14_F233L,N_T393I,N_A208G,NSP3_P153L,NS8_V62L,NSP8_M129I,NSP1_D75E,NS8_L84S)
hCoV-19/USA/PA-CDC-8398/2020	EPI_ISL_450802	2020-03-31	North America / USA / Pennsylvania	Human			Female	85	unknown		Original	Nasopharyngeal swab		A.3	O	(NSP14_F233L,M_L138I,N_A208G,NSP3_P153L,NS8_V62L,NSP8_M129I,NSP1_D75E,NS8_L84S)
hCoV-19/USA/FL-BPHL-0115/2020	EPI_ISL_450849	2020-04-07	North America / USA / Florida	Human			unknown	unknown	unknown		Original			A.3	S	(NSP14_F233L,N_T393I,N_A208G,NSP3_P153L,NSP3_I1720T,NS8_V62L,NSP8_M129I,NSP1_D75E,NS8_L84S)
hCoV-19/USA/PA-MGEL107/2020	EPI_ISL_454384	2020-03-31	North America / USA / Pennsylvania / Allegheny county / Pittsburgh	Human			unknown	unknown	unknown		Original	Nasopharyngeal swab		A.3	S	(NSP14_F233L,N_A208G,NSP3_P153L,NS8_V62L,NSP8_M129I,NSP1_D75E,NS8_L84S)
hCoV-19/USA/MDH-8144/2020	EPI_ISL_454431	2020-03-13	North America / USA / Maryland	Human			unknown	unknown	unknown		Original			A.3	S	(NS6_I60V,NSP14_F233L,N_T393I,NS6_E59L,N_A208G,NSP3_P153L,NSP4_I363V,NS8_V62L,NSP8_M129I,NSP1_D75E,NS8_L84S,NSP3_Y801N,NSP3_F800stop)
hCoV-19/USA/CA-CZB-1280/2020	EPI_ISL_454638	2020-03-31	North America / USA / California / Humboldt County	Human			unknown	unknown	unknown		Original	Nasopharyngeal and oropharyngeal swab		A.3	S	(NSP14_F233L,NSP3_R586C,N_A208G,NSP3_P153L,NS8_V62L,NSP8_M129I,NSP1_D75E,NS8_L84S,NSP14_A360V)
hCoV-19/USA/CA-CZB-1281/2020	EPI_ISL_454639	2020-04-01	North America / USA / California / Humboldt County	Human			unknown	unknown	unknown		Original	Nasopharyngeal and oropharyngeal swab		A.3	S	(NSP14_F233L,NSP3_R586C,N_A208G,NSP3_P153L,NS8_V62L,NSP1_D75E,NS8_L84S,NSP14_A360V)
hCoV-19/USA/GA-EHC-009I/2020	EPI_ISL_455355	2020-03-13	North America / USA / Georgia	Human			unknown	unknown	unknown		Original	Nasopharyngeal swab		A.3	S	(NSP14_F233L,N_A208G,NSP3_P153L,NS8_V62L,NSP8_M129I,NSP1_D75E,NS8_L84S)
hCoV-19/USA/LA-EVTL155/2020	EPI_ISL_455998	2020-04-01	North America / USA / Louisiana / Caddo Parish	Human			Female	45	unknown		Original	Nasopharyngeal swab		A.3	S	(NSP14_F233L,N_A208G,NSP3_P153L,NSP3_S1375F,NS8_V62L,NSP8_M129I,NSP1_D75E,NS8_L84S)
hCoV-19/USA/MD-HP00098/2020	EPI_ISL_457762	2020-03-26	North America / USA / Maryland	Human	North America / USA / Maryland		Female	53	unknown		Original	Nasopharyngeal swab		A.3	S	(NSP14_F233L,N_T393I,N_A208G,NSP3_P153L,NS8_V62L,NSP8_M129I,NSP1_D75E,NS8_L84S)
hCoV-19/USA/MD-HP00112/2020	EPI_ISL_457767	2020-03-29	North America / USA / Maryland	Human	North America / USA / Maryland		Male	39	unknown		Original	Nasopharyngeal swab		A.3	S	(NSP14_F233L,N_A208G,NSP3_P153L,NS8_V62L,NSP8_M129I,NSP1_D75E,NS8_L84S)
hCoV-19/USA/MD-HP00113/2020	EPI_ISL_457768	2020-03-14	North America / USA / Maryland	Human	North America / USA / Maryland		Male	62	unknown		Original	Nasopharyngeal swab		A.3	S	(NSP14_F233L,NS3_Q17R,NSP13_I432T,N_A208G,NSP3_P153L,NS8_V62L,NSP8_M129I,NSP1_D75E,NS8_L84S)
hCoV-19/USA/MD-HP00153/2020	EPI_ISL_457782	2020-03-24	North America / USA / Maryland	Human	North America / USA / Maryland		Male	59	unknown		Original	Nasopharyngeal swab		A.3	S	(NSP14_F233L,N_A208G,NSP3_P153L,NS8_V62L,NSP8_M129I,NSP1_D75E,NS8_L84S)
hCoV-19/USA/MD-HP00154/2020	EPI_ISL_457783	2020-03-29	North America / USA / Maryland	Human	North America / USA / Maryland		Female	31	unknown		Original	Nasopharyngeal swab		A.3	S	(NSP14_F233L,N_A208G,NSP3_P153L,NS8_V62L,NSP8_M129I,NSP1_D75E,NS8_L84S)
hCoV-19/USA/MD-HP00031/2020	EPI_ISL_457789	2020-03-16	North America / USA / Maryland	Human	North America / USA / Maryland		Male	63	unknown		Original	Nasopharyngeal swab		A.3	S	(NSP14_F233L,N_A208G,NSP3_P153L,NS8_V62L,NSP8_M129I,NSP1_D75E,NS8_L84S)
hCoV-19/USA/MD-HP00065/2020	EPI_ISL_457807	2020-03-15	North America / USA / Maryland	Human	North America / USA / Maryland		Female	61	unknown		Original	Nasopharyngeal swab		A.3	S	(NSP14_F233L,N_T393I,N_A208G,NSP3_P153L,NS8_V62L,NSP8_M129I,NSP1_D75E,NS8_L84S)
hCoV-19/USA/MD-HP00120/2020	EPI_ISL_457813	2020-03-19	North America / USA / Maryland	Human	North America / USA / Maryland		Female	50	unknown		Original	Nasopharyngeal swab		A.3	S	(NSP14_F233L,N_T393I,N_A208G,NSP3_P153L,NS8_V62L,NSP8_M129I,NSP1_D75E,NS8_L84S)
hCoV-19/USA/MA-MGH-00174/2020	EPI_ISL_460179	2020-03-26	North America / USA / Massachusetts	Human			unknown	unknown	unknown		Original	Nasopharyngeal and oropharyngeal swab		A.3	S	(NSP14_F233L,NSP3_T725A,N_R203K,N_A208G,NSP3_P153L,NS8_V62L,NSP3_S1212L,NSP8_M129I,NSP1_D75E,NS8_L84S)
hCoV-19/USA/MA-MGH-00563/2020	EPI_ISL_460186	2020-03-22	North America / USA / Massachusetts	Human			unknown	unknown	unknown		Original	Nasopharyngeal and oropharyngeal swab		A.3	S	(NSP14_F233L,N_A208G,NSP3_P153L,NS8_V62L,NSP8_M129I,NSP1_D75E,NS8_L84S)
hCoV-19/USA/MA-MGH-00614/2020	EPI_ISL_460205	2020-03-28	North America / USA / Massachusetts	Human			unknown	unknown	unknown		Original	Nasopharyngeal and oropharyngeal swab		A.3	S	(NSP14_F233L,N_T393I,N_A208G,NSP3_P153L,NS8_V62L,NSP8_M129I,NSP1_D75E,NS8_L84S)
hCoV-19/United Arab Emirates/P1/2020	EPI_ISL_463740	2020-03-30	Asia / United Arab Emirates	Human			unknown	unknown	unknown		Original			A.3	S	(NSP14_F233L,N_T393I,N_A208G,NSP3_P153L,NS8_V62L,NSP8_M129I,NSP1_D75E,NS8_L84S,Spike_A263V)
hCoV-19/Taiwan/CGMH-CGU-29/2020	EPI_ISL_464093	2020-04-02	Asia / Taiwan / Taoyuan	Human			Male	unknown	unknown		Vero E6	Throat swab		A.3	S	(NSP14_F233L,N_A208G,NSP3_P153L,NS8_V62L,NSP8_M129I,NSP1_D75E,NS8_L84S)
hCoV-19/USA/VI-CDC-3638/2020	EPI_ISL_464167	2020-03-19	North America / USA / Virgin Islands	Human			Male	unknown	unknown		Original	Nasopharyngeal swab		A.3	S	(NSP14_F233L,N_A208G,NSP3_P153L,NS8_V62L,NSP8_M129I,NSP1_D75E,NS8_L84S)
hCoV-19/USA/CA-QDX-148/2020	EPI_ISL_467814	2020-03-16	North America / USA / California	Human			Female	43	unknown		Original			A.3	S	(NSP14_F233L,Spike_L5F,N_A208G,NSP3_P153L,NSP12_I171M,NS8_V62L,NSP8_M129I,NSP1_D75E,NS8_L84S)
hCoV-19/USA/UT-QDX-119/2020	EPI_ISL_467910	2020-03-13	North America / USA / Utah	Human			Female	40	unknown		Original			A.3	S	(NSP14_F233L,NSP15_C116F,N_A208G,NSP3_P153L,NS8_V62L,NSP8_M129I,NSP1_D75E,NS8_L84S)
hCoV-19/USA/UT-QDX-63/2020	EPI_ISL_467921	2020-03-13	North America / USA / Utah	Human			Female	33	unknown		Original			A.3	S	(NSP14_F233L,N_A208G,NSP3_P153L,NS8_V62L,NSP8_M129I,NSP1_D75E,NS8_L84S)
hCoV-19/USA/CA-CZB-1508/2020	EPI_ISL_468455	2020-04-01	North America / USA / California / Humboldt County	Human			unknown	unknown	unknown		Original	Nasopharyngeal and oropharyngeal swab		A.3	S	(NSP14_F233L,NSP3_R586C,N_A208G,NSP3_P153L,NS8_V62L,NSP8_M129I,NSP1_D75E,NS8_L84S,NSP14_A360V)
hCoV-19/USA/CA-CZB-1513/2020	EPI_ISL_468460	2020-04-13	North America / USA / California / Humboldt County	Human			unknown	unknown	unknown		Original	Nasopharyngeal and oropharyngeal swab		A.3	S	(NSP14_F233L,NSP3_R586C,N_A208G,NSP3_P153L,NS8_V62L,NSP8_M129I,NSP1_D75E,NS8_L84S)
hCoV-19/USA/CA-QDX-111/2020	EPI_ISL_468563	2020-03-13	North America / USA / California	Human			Female	51	unknown		Original			A.3	S	(NSP14_F233L,N_A208G,NSP3_P153L,NS8_V62L,NSP8_M129I,NSP1_D75E,NS8_L84S)
hCoV-19/USA/WI-WSLH-200061/2020	EPI_ISL_471226	2020-04-13	North America / USA / Wisconsin	Human			unknown	unknown	unknown		Original			A.3	S	(NSP14_F233L,N_A208G,NSP3_P153L,NS8_V62L,NSP8_M129I,NSP1_D75E,NS8_L84S)
hCoV-19/USA/NE-11163/2020	EPI_ISL_475201	2020-05-04	North America / USA / Nebraska	Human			unknown	unknown	unknown		Original			A.3	S	(NSP14_F233L,N_A208G,NSP3_P153L,NSP3_T217I,NS8_V62L,NSP8_M129I,NSP1_D75E,NSP3_A256V,NS8_L84S,NSP6_V149F)
hCoV-19/USA/CA-CSMC134/2020	EPI_ISL_475612	2020-03-30	North America / USA / California / Los Angeles County	Human			Male	49	Released		Original			A.3	S	(NSP14_F233L,N_T393I,Spike_M697T,N_A208G,NSP3_P153L,NSP14_V263I,NS8_V62L,NSP8_M129I,NSP1_D75E,NS8_L84S,NSP7_L55V)
hCoV-19/USA/FL-BPHL-0193/2020	EPI_ISL_480844	2020-04-04	North America / USA / Florida	Human			unknown	unknown	unknown		Original			A.3	S	(NSP14_F233L,NSP15_K259N,N_A208G,NSP3_P153L,NS8_V62L,NSP8_M129I,NSP1_D75E,NS8_L84S)
hCoV-19/USA/MD-MDH-0026/2020	EPI_ISL_481272	2020-04-03	North America / USA / Maryland	Human			unknown	unknown	unknown		Original	Nasopharyngeal swab		A.3	S	(NSP14_F233L,N_A208G,NSP3_P153L,NS7a_F54V,NS8_V62L,NSP8_M129I,NSP1_D75E,NS8_L84S)
hCoV-19/USA/MN-MDH-1292/2020	EPI_ISL_483012	2020-03-24	North America / USA / Minnesota	Human			unknown	unknown	unknown		Original			A.3	S	(N_G238C,NSP14_F233L,N_A208G,NSP3_P153L,NS8_V62L,NSP8_M129I,NSP1_D75E,NS8_L84S)
hCoV-19/USA/MI-UM-2006S000954/2020	EPI_ISL_484769	2020-04-06	North America / USA / Michigan	Human			unknown	unknown	unknown		Original	Nasopharyngeal swab		A.3	S	(NSP14_F233L,N_A208G,NSP3_P153L,NS8_V62L,NSP8_M129I,NSP1_D75E,NS8_L84S)
hCoV-19/USA/FL-BPHL-0324/2020	EPI_ISL_489733	2020-04-10	North America / USA / Florida	Human			unknown	unknown	unknown		Original			A.3	S	(NSP14_F233L,NSP12_A95V,N_A208G,NSP3_P153L,NS8_V62L,NSP8_M129I,NSP1_D75E,NS8_L84S)
hCoV-19/USA/FL-BPHL-0328/2020	EPI_ISL_489737	2020-04-13	North America / USA / Florida	Human			unknown	unknown	unknown		Original			A.3	S	(NSP14_F233L,NSP12_A95V,N_A208G,NSP3_P153L,NS8_V62L,NSP8_M129I,NSP1_D75E,NS8_L84S,NSP3_T819A)
hCoV-19/USA/FL-BPHL-0329/2020	EPI_ISL_489738	2020-04-13	North America / USA / Florida	Human			unknown	unknown	unknown		Original			A.3	S	(NSP14_F233L,NSP12_A95V,N_A208G,NSP3_P153L,NS8_V62L,NSP8_M129I,NSP1_D75E,NS8_L84S)
hCoV-19/USA/FL-BPHL-0330/2020	EPI_ISL_489739	2020-04-13	North America / USA / Florida	Human			unknown	unknown	unknown		Original			A.3	S	(NSP14_F233L,NSP12_A95V,N_A208G,NSP3_P153L,NS8_V62L,NSP8_M129I,NSP1_D75E,NS8_L84S,NSP3_T819A)
hCoV-19/USA/FL-BPHL-0331/2020	EPI_ISL_489740	2020-04-13	North America / USA / Florida	Human			unknown	unknown	unknown		Original			A.3	S	(NSP4_G105S,NSP14_F233L,NSP12_A95V,N_A208G,NSP3_P153L,NS8_V62L,NSP8_M129I,NSP1_D75E,NS8_L84S,NSP3_T819A)
hCoV-19/USA/FL-BPHL-0359/2020	EPI_ISL_489768	2020-04-13	North America / USA / Florida	Human			unknown	unknown	unknown		Original			A.3	S	(NSP14_F233L,NS8_F16L,N_A208G,NSP3_P153L,NS8_V62L,NSP8_M129I,NSP1_D75E,NS8_L84S)
hCoV-19/USA/FL-BPHL-0360/2020	EPI_ISL_489769	2020-04-13	North America / USA / Florida	Human			unknown	unknown	unknown		Original			A.3	S	(NSP14_F233L,NSP3_P778L,NSP12_Q822H,N_A208G,NSP3_P153L,NS8_V62L,NSP8_M129I,NSP1_D75E,NS8_L84S)
hCoV-19/USA/FL-BPHL-0361/2020	EPI_ISL_489770	2020-04-13	North America / USA / Florida	Human			unknown	unknown	unknown		Original			A.3	S	(NSP14_F233L,NS8_F16L,N_A208G,NSP3_P153L,NS8_V62L,NSP8_M129I,NSP1_D75E,NS8_L84S)
hCoV-19/USA/FL-BPHL-0362/2020	EPI_ISL_489771	2020-04-13	North America / USA / Florida	Human			unknown	unknown	unknown		Original			A.3	S	(NSP14_F233L,NS8_F16L,N_A208G,NSP3_P153L,NS8_V62L,NSP8_M129I,NSP1_D75E,NS8_L84S)
hCoV-19/USA/FL-BPHL-0363/2020	EPI_ISL_489772	2020-04-13	North America / USA / Florida	Human			unknown	unknown	unknown		Original			A.3	S	(NSP14_F233L,NS8_F16L,N_A208G,NSP3_P153L,NS8_V62L,NSP8_M129I,NSP1_D75E,NS8_L84S)
hCoV-19/USA/FL-BPHL-0364/2020	EPI_ISL_489773	2020-04-13	North America / USA / Florida	Human			unknown	unknown	unknown		Original			A.3	S	(NSP14_F233L,NS8_F16L,N_A208G,NSP3_P153L,NS8_V62L,NSP8_M129I,NSP1_D75E,NS8_L84S)
hCoV-19/USA/FL-BPHL-0408/2020	EPI_ISL_489817	2020-05-14	North America / USA / Florida	Human			unknown	unknown	unknown		Original			A.3	S	(NSP14_F233L,NSP3_P153L,NS8_V62L,NSP8_M129I,NSP1_D75E,NSP5_N274D,NS8_L84S)
hCoV-19/USA/FL-BPHL-0410/2020	EPI_ISL_489819	2020-05-14	North America / USA / Florida	Human			unknown	unknown	unknown		Original			A.3	S	(NSP14_F233L,NSP3_P153L,NS8_V62L,NSP8_M129I,NSP1_D75E,NSP5_N274D,NS8_L84S)
hCoV-19/USA/SC-DHEC-0050/2020	EPI_ISL_491103	2020-03-26	North America / USA / South Carolina / Berkeley County	Human			Female	unknown	unknown		Original	Nasopharyngeal swab		A.3	S	(NSP14_F233L,N_A208G,NSP3_P153L,NS8_V62L,NSP8_M129I,NSP1_D75E,NS8_L84S)
hCoV-19/USA/SC-DHEC-0099/2020	EPI_ISL_491109	2020-04-24	North America / USA / South Carolina / Richland County	Human			Female	unknown	unknown		Original	Nasopharyngeal swab		A.3	S	(NSP14_F233L,N_A208G,NSP3_P153L,NS8_V62L,NSP8_M129I,NSP1_D75E,NS8_L84S)
hCoV-19/USA/MD_NIDDL_3202/2020	EPI_ISL_491909	2020-04-16	North America / USA / Maryland	Human			Male	35	unknown		Original	Nasopharyngeal swab		A.3	S	(NSP14_F233L,N_A208G,NSP3_P153L,NS8_V62L,NSP8_M129I,NSP1_D75E,NS8_L84S)
hCoV-19/USA/VA_NIDDL_2702/2020	EPI_ISL_491913	2020-03-25	North America / USA / Virginia	Human			Male	49	unknown		Original	Nasopharyngeal swab		A.3	S	(NSP14_F233L,NSP3_T1288I,N_A208G,NSP3_P153L,NS8_V62L,NSP8_M129I,NSP1_D75E,NS8_L84S)
hCoV-19/USA/VA_NIDDL_2896/2020	EPI_ISL_491921	2020-04-02	North America / USA / Virginia	Human			Female	55	unknown		Original	Nasopharyngeal swab		A.3	S	(NSP14_F233L,N_A208G,NSP3_P153L,NS8_V62L,NSP8_M129I,NSP1_D75E,NS8_L84S)
hCoV-19/USA/VA_NIDDL_2929/2020	EPI_ISL_491923	2020-04-04	North America / USA / Virginia	Human			Male	79	unknown		Original	Nasopharyngeal swab		A.3	S	(NSP14_F233L,N_A208G,NSP3_P153L,NS8_V62L,NSP8_M129I,NSP1_D75E,NS8_L84S)
hCoV-19/Taiwan/NCKUH-009/2020	EPI_ISL_493203	2020-03-23	Asia / Taiwan / Tainan	Human			Male	21	Hospitalized		Vero E6 P1	Nasal swab		A.3	S	(NSP14_F233L,N_T393I,N_A208G,NSP3_P153L,NS8_V62L,NSP8_M129I,NSP1_D75E,NS8_L84S)
hCoV-19/Taiwan/NCKUH-010/2020	EPI_ISL_493204	2020-03-23	Asia / Taiwan / Tainan	Human			Male	21	Hospitalized		Vero E6 P1	Sputum		A.3	S	(NSP14_F233L,N_T393I,N_A208G,NSP3_P153L,NS8_V62L,NSP8_M129I,NSP1_D75E,NS8_L84S)
hCoV-19/Taiwan/NCKUH-013/2020	EPI_ISL_493206	2020-03-28	Asia / Taiwan / Tainan	Human			Male	39	Hospitalized		Vero E6 P1	Nasal swab		A.3	S	(NSP14_F233L,N_A208G,NSP3_P153L,NS8_V62L,NSP8_M129I,NSP1_D75E,NS8_L84S)
hCoV-19/USA/TX-QDX-169/2020	EPI_ISL_494540	2020-04-10	North America / USA / Texas	Human			Male	67	unknown		Original	Oropharyngeal swab		A.3	S	(NSP14_F233L,N_T205I,N_A208G,NSP3_P153L,NS8_V62L,NSP8_M129I,NSP1_D75E,NS8_L84S)
hCoV-19/USA/TX-QDX-170/2020	EPI_ISL_494541	2020-04-10	North America / USA / Texas	Human			Female	70	unknown		Original	Oropharyngeal swab		A.3	S	(NSP14_F233L,N_T205I,N_A208G,NSP3_P153L,NS8_V62L,NSP8_M129I,NSP1_D75E,NS8_L84S)
hCoV-19/Panama/329536/2020	EPI_ISL_496631	2020-03-12	North America / Panama / Panama West / Vista Alegre	Human	Local from health		Female	43	Outpatient		Original	Oropharyngeal swab		A.3	S	(NSP14_F233L,N_A208G,NSP3_P153L,NS8_V62L,NSP8_M129I,NSP1_D75E,NS8_L84S)
hCoV-19/Panama/330671/2020	EPI_ISL_496669	2020-03-18	North America / Panama / Colon	Human	Local		Female	46	Outpatient		Original	Oropharyngeal swab		A.3	S	(NSP14_F233L,N_A208G,NSP3_P153L,NS8_V62L,NSP3_L1422J,NSP16_S292N,NSP1_D75E,NS8_L84S,NSP16_L126J)
hCoV-19/Panama/332252/2020	EPI_ISL_496706	2020-03-23	North America / Panama / Guna Yala	Human	Local		Male	49	Hospitalized		Original	Oropharyngeal swab		A.3	S	(NSP3_P153L,NS8_L84S)
hCoV-19/Panama/333694/2020	EPI_ISL_496753	2020-03-23	North America / Panama / Colon	Human	Local		Male	19	Outpatient		Original	Oropharyngeal swab		A.3	S	(NSP14_F233L,N_A208G,NSP3_P153L,NS8_V62L,NSP8_M129I,NSP1_D75E,NS8_L84S)
hCoV-19/Panama/333937/2020	EPI_ISL_496756	2020-03-23	North America / Panama / Colon	Human	Local		Female	29	Outpatient		Original	Oropharyngeal swab		A.3	S	(NSP14_F233L,N_A208G,NSP3_P153L,NS8_V62L,NSP8_M129I,NSP1_D75E,NS8_L84S)
hCoV-19/Panama/334144/2020	EPI_ISL_496767	2020-03-24	North America / Panama / Colon	Human	Local		Female	40	Outpatient		Original	Oropharyngeal swab		A.3	S	(NSP14_F233L,N_A208G,NSP3_P153L,NS8_V62L,NSP8_M129I,NSP1_D75E,NS8_L84S)
hCoV-19/Panama/338744/2020	EPI_ISL_496884	2020-04-09	North America / Panama / Colon	Human	Local		Female	25	Outpatient		Original	Oropharyngeal swab		A.3	S	(NSP14_F367L,NSP4_S137L,NSP14_F233L,N_A208G,NSP3_P153L,NS8_V62L,NSP5_A260V,NSP8_M129I,NSP1_D75E,NS8_L84S)
hCoV-19/Panama/339160/2020	EPI_ISL_496892	2020-04-10	North America / Panama / Colon	Human	Local		Male	28	Outpatient		Original	Oropharyngeal swab		A.3	S	(NSP14_F233L,N_A208G,NSP3_P153L,NS8_V62L,NSP8_M129I,NSP16_I157T,NSP1_D75E,NS8_L84S)
hCoV-19/Panama/339494/2020	EPI_ISL_496895	2020-04-11	North America / Panama / Colon	Human	Local		Male	22	Outpatient		Original	Oropharyngeal swab		A.3	S	(NSP14_F233L,N_A208G,NSP3_P153L,NS8_V62L,NSP8_M129I,NSP1_D75E,NS8_L84S)
hCoV-19/Panama/339499/2020	EPI_ISL_496896	2020-04-11	North America / Panama / Colon	Human	Local		Male	26	Outpatient		Original	Oropharyngeal swab		A.3	S	(NSP14_F233L,N_A208G,NSP3_P153L,NS8_V62L,NSP8_M129I,NSP1_D75E,NS8_L84S)
hCoV-19/Panama/339644/2020	EPI_ISL_496898	2020-04-12	North America / Panama / Colon	Human	Local		Male	40	Outpatient		Original	Oropharyngeal swab		A.3	S	(NSP14_F233L,N_A208G,NSP3_P153L,NS8_V62L,NSP8_M129I,NSP1_D75E,NS8_L84S)
hCoV-19/USA/TX-GCID-192000051B/2020	EPI_ISL_501167	2020-03-23	North America / USA / Texas / Houston County	Human			Female	50-54	Severe / ICU		Original	Nasal swab		A.3	S	(NSP14_F233L,N_T393I,N_A208G,NSP3_P153L,NS8_V62L,NSP8_M129I,NSP1_D75E,NS8_L84S,NSP3_A534V,NSP4_T295I)
hCoV-19/USA/FL-BPHL-0595/2020	EPI_ISL_508799	2020-03-24	North America / USA / Florida	Human			unknown	unknown	unknown		Original			A.3	S	(NSP6_A51V,NSP14_F233L,N_A208G,NSP3_P153L,NS8_V62L,NSP8_M129I,NSP1_D75E,NS8_L84S)
hCoV-19/USA/FL-BPHL-0597/2020	EPI_ISL_508801	2020-03-24	North America / USA / Florida	Human			unknown	unknown	unknown		Original			A.3	S	(NSP6_A51V,NSP14_F233L,N_A208G,NSP3_P153L,NS8_V62L,NSP8_M129I,NSP1_D75E,NS8_L84S)
hCoV-19/USA/FL-BPHL-0617/2020	EPI_ISL_508821	2020-04-04	North America / USA / Florida	Human			unknown	unknown	unknown		Original			A.3	S	(NSP14_F233L,N_T393I,NSP13_L158V,N_A208G,NSP3_P153L,NS8_V62L,NSP8_M129I,NSP1_D75E,NS8_L84S)
hCoV-19/USA/FL-BPHL-0645/2020	EPI_ISL_508849	2020-04-06	North America / USA / Florida	Human			unknown	unknown	unknown		Original			A.3	S	(NSP14_F233L,NSP12_A95V,NSP3_P153L,NS8_V62L,NSP8_M129I,NS8_L84S)
hCoV-19/USA/FL-BPHL-0648/2020	EPI_ISL_508852	2020-04-06	North America / USA / Florida	Human			unknown	unknown	unknown		Original			A.3	S	(NSP14_F233L,NSP12_A95V,N_A208G,NSP3_P153L,NS8_V62L,NSP8_M129I,NSP1_D75E,NS8_L84S)
hCoV-19/USA/FL-BPHL-0651/2020	EPI_ISL_508855	2020-04-06	North America / USA / Florida	Human			unknown	unknown	unknown		Original			A.3	S	(NSP14_F233L,NSP12_A95V,NSP1_D139E,N_A208G,NSP3_P153L,NS8_V62L,NSP8_M129I,NSP1_D75E,NS8_L84S)
hCoV-19/USA/MD-MDH-0080/2020	EPI_ISL_509484	2020-05-25	North America / USA / Maryland	Human			unknown	unknown	unknown		Original	Nasopharyngeal swab		A.3	S	(NSP14_F233L,N_A208G,NSP3_P153L,NS8_V62L,NSP8_M55I,NSP8_M129I,NSP1_D75E,NS8_L84S,NSP2_S128L)
hCoV-19/USA/MD-MDH-0081/2020	EPI_ISL_509485	2020-05-25	North America / USA / Maryland	Human			unknown	unknown	unknown		Original	Nasopharyngeal swab		A.3	S	(NSP14_F233L,N_A208G,NSP3_P153L,NS8_V62L,NSP8_M55I,NSP8_M129I,NSP1_D75E,NS8_L84S,NSP2_S128L)
hCoV-19/USA/MD-MDH-0082/2020	EPI_ISL_509486	2020-05-26	North America / USA / Maryland	Human			unknown	unknown	unknown		Original	Oropharyngeal swab		A.3	S	(NSP14_F233L,N_A208G,NSP3_P153L,NS8_V62L,NSP8_M55I,NSP8_M129I,NSP1_D75E,NS8_L84S,NSP2_S128L)
hCoV-19/USA/FL-BPHL-0676/2020	EPI_ISL_509734	2020-03-24	North America / USA / Florida	Human			unknown	unknown	unknown		Original			A.3	S	(NSP6_A51V,NSP14_F233L,N_A208G,NSP3_P153L,NS8_V62L,NSP8_M129I,NSP1_D75E,NS8_L84S)
hCoV-19/South Korea/KCDC2291/2020	EPI_ISL_510627	2020-05-20	Asia / South Korea	Human	Imported		Male	48	unknown		Original			A.3	S	(NSP14_F233L,NSP1_V86F,N_A208G,NSP3_P153L,NS8_V62L,NSP8_M129I,NSP1_D75E,NS8_L84S)
hCoV-19/South Korea/KCDC2300/2020	EPI_ISL_510636	2020-05-22	Asia / South Korea	Human	Imported		Male	58	unknown		Original			A.3	S	(NSP14_F233L,NSP1_V86F,N_A208G,NSP3_P153L,NS8_V62L,NSP8_M129I,NSP1_D75E,NS8_L84S)
hCoV-19/USA/MD-HP00171/2020	EPI_ISL_511866	2020-03-22	North America / USA / Maryland	Human	North America / USA / Maryland		Female	71	unknown		Original	Nasopharyngeal swab		A.3	S	(NSP14_F233L,N_T393I,N_A208G,NSP3_P153L,NS8_V62L,NSP8_M129I,NSP1_D75E,NS8_L84S)
hCoV-19/USA/MD-HP00549/2020	EPI_ISL_511869	2020-04-06	North America / USA / Maryland	Human	North America / USA / Maryland		Female	71	unknown		Original	Nasopharyngeal swab		A.3	S	(NSP14_F233L,N_T393I,N_A208G,NSP3_P153L,NS8_V62L,NSP8_M129I,NSP1_D75E,NS8_L84S)
hCoV-19/USA/MD-HP00567/2020	EPI_ISL_511871	2020-04-06	North America / USA / Maryland	Human	North America / USA / Maryland		Male	59	unknown		Original	Nasopharyngeal swab		A.3	S	(NSP14_F233L,NSP13_I432T,N_A208G,NSP3_P153L,NS8_V62L,NSP3_L1244F,NSP8_M129I,NSP1_D75E,NS8_L84S)
hCoV-19/USA/MD-HP00883/2020	EPI_ISL_511872	2020-04-04	North America / USA / Maryland	Human	North America / USA / Maryland		Male	59	unknown		Original	Nasopharyngeal swab		A.3	S	(NSP14_F233L,NSP13_I432T,N_A208G,NSP3_P153L,NS8_V62L,NSP3_L1244F,NSP8_M129I,NSP1_D75E,NS8_L84S)
hCoV-19/USA/AK-PHL464/2020	EPI_ISL_512141	2020-06-10	North America / USA / Alaska	Human			unknown	unknown	unknown		Original	Nasopharyngeal swab		A.3	S	(NSP1_I95V,NSP14_F233L,NSP13_A509V,N_A208G,NSP3_P153L,NS8_V62L,NSP8_M129I,NSP1_D75E,NS8_L84S,NSP2_K219N)
hCoV-19/USA/FL-USAFSAM-S010/2020	EPI_ISL_512786	2020-03-24	North America / USA / Florida	Human			unknown	unknown	unknown		Original	Clinical		A.3	S	(NSP14_F233L,M_Y71C,N_A208G,NS8_V62L,NSP8_M129I,NSP1_D75E,NS8_L84S)
hCoV-19/USA/MI-MDHHS-SC21590/2020	EPI_ISL_516317	2020-03-25	North America / USA / Michigan	Human			unknown	unknown	unknown		Original			A.3	S	(NSP14_F233L,N_A208G,NSP3_P153L,NS8_V62L,NSP8_M129I,NSP1_D75E,NS8_L84S)
hCoV-19/USA/VA-DCLS-0860/2020	EPI_ISL_516656	2020-04-30	North America / USA / Virginia	Human			unknown	unknown	unknown		Original			A.3	S	(NSP14_F233L,N_A208G,NSP3_P153L,NS8_V62L,NSP8_M129I,NSP1_D75E,NS8_L84S)
hCoV-19/USA/MD-MDH-0093/2020	EPI_ISL_522829	2020-05-26	North America / USA / Maryland	Human			unknown	unknown	unknown		Original	Nasopharyngeal swab		A.3	S	(NSP14_F233L,N_A208G,NSP3_P153L,NS8_V62L,NSP8_M55I,NSP8_M129I,NSP1_D75E,NS8_L84S,NSP2_S128L)
hCoV-19/USA/MD-MDH-0094/2020	EPI_ISL_522830	2020-05-26	North America / USA / Maryland	Human			unknown	unknown	unknown		Original	Nasopharyngeal swab		A.3	S	(NSP14_F233L,NSP14_P43S,NS7a_S98Y,N_A208G,NSP3_P153L,NS8_V62L,NSP8_M55I,NS7a_F101I,NSP1_V111L,NSP8_M129I,NSP1_D75E,NS8_L84S,NSP2_S128L)
hCoV-19/USA/MD-MDH-0095/2020	EPI_ISL_522831	2020-05-26	North America / USA / Maryland	Human			unknown	unknown	unknown		Original	Nasopharyngeal swab		A.3	S	(NSP14_F233L,N_A208G,NSP3_P153L,NS8_V62L,NSP8_M55I,NSP8_M129I,NSP1_D75E,NS8_L84S,NSP2_S128L)
hCoV-19/USA/MD-MDH-0096/2020	EPI_ISL_522832	2020-05-26	North America / USA / Maryland	Human			unknown	unknown	unknown		Original	Nasopharyngeal swab		A.3	S	(NSP14_F233L,N_A208G,NSP3_P153L,NS8_V62L,NSP8_M55I,NSP8_M129I,NSP1_D75E,NS8_L84S,NSP2_S128L)
hCoV-19/USA/MD-MDH-0103/2020	EPI_ISL_522838	2020-05-27	North America / USA / Maryland	Human			unknown	unknown	unknown		Original	Nasopharyngeal swab		A.3	S	(NSP14_F233L,N_A208G,NSP3_P153L,NS8_V62L,NSP8_M55I,NSP8_M129I,NSP1_D75E,NS8_L84S,NSP2_S128L)
hCoV-19/USA/UT-UPHL-04471/2020	EPI_ISL_525338	2020-05-21	North America / USA / Utah	Human			unknown	unknown	unknown		Original			A.3	S	(NSP4_S34F,NSP14_F233L,NSP1_V86F,N_A208G,NSP3_P153L,NS8_V62L,NSP8_M129I,NSP1_D75E,NS8_L84S)
hCoV-19/USA/UT-UPHL-04473/2020	EPI_ISL_525340	2020-05-21	North America / USA / Utah	Human			unknown	unknown	unknown		Original			A.3	S	(NSP4_S34F,NSP14_F233L,NSP1_V86F,N_A208G,NSP3_P153L,NS8_V62L,NSP8_M129I,NSP1_D75E,NS8_L84S)
hCoV-19/USA/FL-BPHL-1078/2020	EPI_ISL_526564	2020-04-30	North America / USA / Florida	Human			unknown	unknown	unknown		Original			A.3	S	(NSP14_F233L,NS8_F16L,N_A208G,NSP3_P153L,NS8_V62L,NSP8_M129I,NSP1_D75E,NS8_L84S)
hCoV-19/USA/VA-DCLS-0591/2020	EPI_ISL_526811	2020-03-28	North America / USA / Virginia	Human			unknown	unknown	unknown		Original			A.3	S	(NSP14_F233L,N_A208G,NSP3_P153L,NS8_V62L,NSP8_M129I,NSP1_D75E,NS8_L84S)
hCoV-19/USA/VA-DCLS-0595/2020	EPI_ISL_526815	2020-03-28	North America / USA / Virginia	Human			unknown	unknown	unknown		Original			A.3	S	(NSP14_F233L,N_T393I,N_A208G,NSP3_P153L,NS8_V62L,NSP8_M129I,NSP1_D75E,NS8_L84S,NSP3_H1880Y)
hCoV-19/USA/VA-DCLS-0613/2020	EPI_ISL_526829	2020-04-01	North America / USA / Virginia	Human			unknown	unknown	unknown		Original			A.3	S	(NSP14_F233L,Spike_N603S,NSP3_K945N,N_A208G,NSP3_P153L,NS8_V62L,NSP8_M129I,NSP1_D75E,NS8_L84S)
hCoV-19/USA/GA-CDC-6258/2020	EPI_ISL_527658	2020-07-01	North America / USA / Georgia	Human			unknown	unknown	unknown		Original	Nasopharyngeal swab		A.3	S	(NSP14_F233L,N_A208G,NSP3_P153L,NS8_V62L,NSP8_M129I,NSP1_D75E,NS8_L84S)
hCoV-19/USA/SC-DHEC-0882/2020	EPI_ISL_538433	2020-06-26	North America / USA / South Carolina	Human			Female	unknown	unknown		Original	Nasopharyngeal swab		A.3	O	(NSP14_F233L,NSP13_A509V,N_S194L,NSP3_P153L,NSP8_M129I,NSP1_D75E,NSP14_C272Y)
hCoV-19/USA/FL-BPHL-1260/2020	EPI_ISL_541145	2020-03-26	North America / USA / Florida	Human			unknown	unknown	unknown		Original			A.3	S	(NSP6_A51V,NSP14_F233L,N_A208G,NSP3_P153L,NS8_V62L,NSP8_M129I,NSP1_D75E,NS8_L84S)
hCoV-19/USA/TX-HMH-1003/2020	EPI_ISL_542488	2020-04-09	North America / USA / Texas / Houston	Human			unknown	unknown	unknown		Original			A.3	S	(NSP14_F233L,N_T393I,N_A208G,NSP3_P153L,NS8_V62L,NSP8_M129I,NSP1_D75E,NS8_L84S)
hCoV-19/USA/TX-HMH-1011/2020	EPI_ISL_542492	2020-04-10	North America / USA / Texas / Houston	Human			unknown	unknown	unknown		Original			A.3	S	(NSP14_F233L,N_T393I,N_D63N,N_A208G,NSP3_P153L,NS8_V62L,NSP8_M129I,NSP1_D75E,NS8_L84S)
hCoV-19/USA/TX-HMH-1054/2020	EPI_ISL_542509	2020-04-06	North America / USA / Texas / Houston	Human			unknown	unknown	unknown		Original			A.3	S	(NSP14_F233L,N_T393I,N_A208G,NSP3_P153L,NS8_V62L,NSP8_M129I,NSP1_D75E,NS8_L84S,Spike_S98F)
hCoV-19/USA/TX-HMH-1070/2020	EPI_ISL_542517	2020-04-11	North America / USA / Texas / Houston	Human			unknown	unknown	unknown		Original			A.3	S	(NSP14_F233L,N_T393I,NSP15_F134S,N_A208G,NSP3_P153L,NS8_V62L,NSP15_D128E,NSP15_L133F,NSP8_M129I,NSP1_D75E,NS8_L84S,NSP15_D132H)
hCoV-19/USA/TX-HMH-1120/2020	EPI_ISL_542542	2020-04-22	North America / USA / Texas / Houston	Human			unknown	unknown	unknown		Original			A.3	S	(NSP14_F233L,N_T393I,N_A208G,NSP3_P153L,NS8_V62L,NSP8_M129I,NSP1_D75E,NS8_L84S)
hCoV-19/USA/TX-HMH-1164/2020	EPI_ISL_542562	2020-04-26	North America / USA / Texas / Houston	Human			unknown	unknown	unknown		Original			A.3	S	(NSP14_F233L,N_T393I,N_A208G,NSP3_P153L,NSP5_V157L,NS8_V62L,Spike_T572I,NSP3_M84V,NSP8_M129I,NSP1_D75E,NS8_L84S)
hCoV-19/USA/TX-HMH-1185/2020	EPI_ISL_542573	2020-04-01	North America / USA / Texas / Houston	Human			unknown	unknown	unknown		Original			A.3	S	(NSP14_F233L,N_T393I,N_A208G,NSP3_P153L,NS8_V62L,NSP8_M129I,NSP1_D75E,NS8_L84S)
hCoV-19/USA/TX-HMH-1213/2020	EPI_ISL_542587	2020-03-31	North America / USA / Texas / Houston	Human			unknown	unknown	unknown		Original			A.3	S	(NSP14_F233L,N_T393I,N_A208G,NSP3_P153L,NSP3_S1682F,NS8_V62L,NSP8_M129I,NSP1_D75E,NS8_L84S)
hCoV-19/USA/TX-HMH-1238/2020	EPI_ISL_542603	2020-04-21	North America / USA / Texas / Houston	Human			unknown	unknown	unknown		Original			A.3	S	(N_T393I,N_A208G,NSP3_P153L,NS8_V62L,NSP1_D75E,NS8_L84S)
hCoV-19/USA/TX-HMH-1266/2020	EPI_ISL_542619	2020-04-16	North America / USA / Texas / Houston	Human			unknown	unknown	unknown		Original			A.3	S	(NSP3_T43R,NSP14_F233L,N_A208G,NSP3_P153L,NS3_M260I,NS8_V62L,NSP8_M129I,Spike_T19I,NSP3_N36E,NSP1_D75E,NS8_L84S,NSP3_Y42C)
hCoV-19/USA/TX-HMH-1281/2020	EPI_ISL_542628	2020-04-13	North America / USA / Texas / Houston	Human			unknown	unknown	unknown		Original			A.3	S	(NSP14_F233L,NSP15_P205S,N_T393I,N_A208G,NSP3_P153L,NS8_V62L,NSP8_M129I,NSP1_D75E,NS8_L84S)
hCoV-19/USA/TX-HMH-1344/2020	EPI_ISL_542661	2020-04-25	North America / USA / Texas / Houston	Human			unknown	unknown	unknown		Original			A.3	O	(N_T393I,NSP3_T1348I,NSP3_F430S,NSP14_L157F,NSP3_P153L,NS7b_F13S,NS8_S24L,NSP3_R352H,NSP8_M129I,NSP1_D75E,NSP12_Q184stop,NSP4_V167L)
hCoV-19/USA/TX-HMH-1350/2020	EPI_ISL_542664	2020-04-12	North America / USA / Texas / Houston	Human			unknown	unknown	unknown		Original			A.3	S	(N_T393I,N_A208G,NSP3_P153L,NS8_V62L,NSP8_M129I,NSP12_P323L,NSP1_D75E,NS8_L84S)
hCoV-19/USA/TX-HMH-1351/2020	EPI_ISL_542665	2020-04-14	North America / USA / Texas / Houston	Human			unknown	unknown	unknown		Original			A.3	S	(NSP14_F233L,N_T393I,N_D63N,N_A208G,NSP3_P153L,NS8_V62L,NSP8_M129I,NSP1_D75E,NS8_L84S)
hCoV-19/USA/TX-HMH-1365/2020	EPI_ISL_542674	2020-05-02	North America / USA / Texas / Houston	Human			unknown	unknown	unknown		Original			A.3	S	(NSP14_F233L,NSP16_M131I,N_T393I,NS3_T14I,N_A208G,NSP3_P153L,NS8_V62L,NSP8_M129I,NSP1_D75E,NS8_L84S)
hCoV-19/USA/TX-HMH-1380/2020	EPI_ISL_542684	2020-05-01	North America / USA / Texas / Houston	Human			unknown	unknown	unknown		Original			A.3	S	(NSP14_F233L,NSP15_A94V,N_T393I,N_A208G,NSP3_P153L,NSP3_S1375F,NS8_V62L,NSP8_M129I,NSP1_D75E,NS8_L84S)
hCoV-19/USA/TX-HMH-1407/2020	EPI_ISL_542705	2020-04-13	North America / USA / Texas / Houston	Human			unknown	unknown	unknown		Original			A.3	O	(NSP14_F233L,N_T393I,N_A208G,NSP3_P153L,NS8_V62L,NSP1_D75E,NS8_L84S,NSP3_I1412K,NS3_E239K)
hCoV-19/USA/TX-HMH-1417/2020	EPI_ISL_542710	2020-04-29	North America / USA / Texas / Houston	Human			unknown	unknown	unknown		Original			A.3	S	(NSP14_F233L,N_T393I,N_A208G,NS8_V62L,NSP8_M129I,NS8_L84S)
hCoV-19/USA/TX-HMH-1426/2020	EPI_ISL_542717	2020-04-29	North America / USA / Texas / Houston	Human			unknown	unknown	unknown		Original			A.3	S	(NSP14_F233L,N_T393I,N_A208G,NSP3_P153L,NS8_V62L,NSP8_M129I,NSP1_D75E,NS8_L84S)
hCoV-19/USA/TX-HMH-1436/2020	EPI_ISL_542723	2020-04-30	North America / USA / Texas / Houston	Human			unknown	unknown	unknown		Original			A.3	S	(NSP14_F233L,N_T393I,N_A208G,NSP3_P153L,NS8_V62L,NSP8_M129I,NSP1_D75E,NS8_L84S)
hCoV-19/USA/TX-HMH-1439/2020	EPI_ISL_542724	2020-04-13	North America / USA / Texas / Houston	Human			unknown	unknown	unknown		Original			A.3	S	(NSP14_F233L,N_T393I,N_S180I,N_A208G,NSP3_P153L,NS8_V62L,NSP8_M129I,NSP1_D75E,NS8_L84S)
hCoV-19/USA/TX-HMH-1449/2020	EPI_ISL_542729	2020-05-01	North America / USA / Texas / Houston	Human			unknown	unknown	unknown		Original			A.3	S	(NSP14_F233L,N_T393I,N_A208G,NSP3_P153L,NS8_V62L,NSP8_M129I,NSP1_D75E,NS8_L84S)
hCoV-19/USA/TX-HMH-1453/2020	EPI_ISL_542731	2020-04-23	North America / USA / Texas / Houston	Human			unknown	unknown	unknown		Original			A.3	S	(NSP14_F233L,N_T393I,N_S180I,N_A208G,NSP3_P153L,NS8_V62L,NSP8_M129I,NSP1_D75E,NS8_L84S)
hCoV-19/USA/TX-HMH-1454/2020	EPI_ISL_542732	2020-04-13	North America / USA / Texas / Houston	Human			unknown	unknown	unknown		Original			A.3	S	(N_T393I,N_S180I,N_A208G,NSP3_P153L,NSP5_L89F,NS8_S24L,NS8_L84S)
hCoV-19/USA/TX-HMH-1483/2020	EPI_ISL_542745	2020-04-30	North America / USA / Texas / Houston	Human			unknown	unknown	unknown		Original			A.3	S	(NSP14_F233L,N_T393I,NSP3_P153L,Spike_A419V,NSP8_M129I,NS8_L84S,Spike_F338L,NS3_E239K)
hCoV-19/USA/TX-HMH-1515/2020	EPI_ISL_542765	2020-05-02	North America / USA / Texas / Houston	Human			unknown	unknown	unknown		Original			A.3	S	(NSP14_F233L,Spike_H146Y,N_T393I,N_A208G,NSP3_P153L,NS8_V62L,NSP8_M129I,NSP1_D75E,NS8_L84S)
hCoV-19/USA/TX-HMH-1528/2020	EPI_ISL_542775	2020-04-09	North America / USA / Texas / Houston	Human			unknown	unknown	unknown		Original			A.3	S	(NSP14_F233L,N_T393I,N_A208G,NSP3_P153L,NS8_V62L,NSP8_M129I,NSP1_D75E,NS8_L84S)
hCoV-19/USA/TX-HMH-1723/2020	EPI_ISL_542792	2020-04-20	North America / USA / Texas / Houston	Human			unknown	unknown	unknown		Original			A.3	S	(NSP2_F505C,NSP14_F233L,N_T393I,N_A208G,NSP3_P153L,NS8_V62L,NSP8_M129I,NSP1_D75E,NS8_L84S)
hCoV-19/USA/TX-HMH-1736/2020	EPI_ISL_542803	2020-03-30	North America / USA / Texas / Houston	Human			unknown	unknown	unknown		Original			A.3	S	(NSP14_F233L,N_T393I,N_A208G,NSP3_P153L,NS8_V62L,NSP8_M129I,NSP1_D75E,NS8_L84S)
hCoV-19/USA/TX-HMH-1741/2020	EPI_ISL_542807	2020-04-02	North America / USA / Texas / Houston	Human			unknown	unknown	unknown		Original			A.3	S	(NSP14_F233L,N_T393I,N_D63N,N_A208G,NSP3_P153L,NS8_V62L,NSP8_M129I,NSP1_D75E,NS8_L84S)
hCoV-19/USA/TX-HMH-1776/2020	EPI_ISL_542831	2020-05-14	North America / USA / Texas / Houston	Human			unknown	unknown	unknown		Original			A.3	S	(NSP14_F233L,N_T393I,Spike_K528R,NSP3_A1872V,N_A208G,NSP3_P153L,NS8_V62L,NSP8_M129I,NSP1_D75E,NS8_L84S,NS3_E239K)
hCoV-19/USA/TX-HMH-1788/2020	EPI_ISL_542839	2020-05-12	North America / USA / Texas / Houston	Human			unknown	unknown	unknown		Original			A.3	S	(NSP14_F233L,N_T393I,Spike_K528R,NSP3_A1872V,N_A208G,NSP3_P153L,NS8_V62L,NSP8_M129I,NSP1_D75E,NS8_L84S,NS3_E239K)
hCoV-19/USA/TX-HMH-1935/2020	EPI_ISL_542908	2020-04-29	North America / USA / Texas / Houston	Human			unknown	unknown	unknown		Original			A.3	S	(NSP14_F233L,N_T393I,N_A208G,NSP3_P153L,NSP5_V157L,NS8_V62L,Spike_T572I,NSP3_M84V,NSP8_M129I,NSP1_D75E,NS8_L84S)
hCoV-19/USA/TX-HMH-457/2020	EPI_ISL_543724	2020-04-03	North America / USA / Texas / Houston	Human			unknown	unknown	unknown		Original			A.3	S	(NSP14_F233L,N_T393I,N_A208G,NSP3_P153L,NS8_V62L,NSP8_M129I,NSP1_D75E,NS8_L84S)
hCoV-19/USA/TX-HMH-460/2020	EPI_ISL_543745	2020-04-03	North America / USA / Texas / Houston	Human			unknown	unknown	unknown		Original			A.3	S	(NSP14_F233L,N_T393I,NSP3_P1228S,N_A208G,NSP3_S1375F,NS8_V62L,NSP8_M129I,NSP1_D75E,NS8_L84S)
hCoV-19/USA/TX-HMH-2919/2020	EPI_ISL_543863	2020-04-16	North America / USA / Texas / Houston	Human			unknown	unknown	unknown		Original			A.3	S	(NSP14_F233L,NSP3_P153L,NS8_V62L,NSP8_M129I,NSP1_D75E,NS8_L84S,N_L331F)
hCoV-19/USA/TX-HMH-2982/2020	EPI_ISL_543910	2020-04-17	North America / USA / Texas / Houston	Human			unknown	unknown	unknown		Original			A.3	S	(NSP14_F233L,N_A208G,NSP3_P153L,NS8_V62L,NSP8_M129I,NSP1_D75E,NS8_L84S)
hCoV-19/USA/TX-HMH-3051/2020	EPI_ISL_543957	2020-04-16	North America / USA / Texas / Houston	Human			unknown	unknown	unknown		Original			A.3	S	(NSP14_F233L,NS3_H93Y,N_A208G,NSP3_P153L,NS8_V62L,NSP8_M129I,NSP1_D75E,NS8_L84S,N_L331F)
hCoV-19/USA/TX-HMH-474/2020	EPI_ISL_544296	2020-04-04	North America / USA / Texas / Houston	Human			unknown	unknown	unknown		Original			A.3	S	(NSP14_F233L,N_T393I,NSP3_P1228S,N_A208G,NSP3_P153L,NSP3_S1375F,NS8_V62L,NSP8_M129I,NSP1_D75E,NS8_L84S)
hCoV-19/USA/TX-HMH-519/2020	EPI_ISL_544585	2020-04-03	North America / USA / Texas / Houston	Human			unknown	unknown	unknown		Original			A.3	S	(NSP14_F233L,N_T393I,N_A208G,NSP3_P153L,NS8_V62L,NSP8_M129I,NSP1_D75E,NS8_L84S)
hCoV-19/USA/TX-HMH-520/2020	EPI_ISL_544588	2020-04-03	North America / USA / Texas / Houston	Human			unknown	unknown	unknown		Original			A.3	S	(NSP14_F233L,N_T393I,N_A208G,NSP3_P153L,NS8_V62L,NSP8_M129I,NSP1_D75E,NS8_L84S)
hCoV-19/USA/TX-HMH-535/2020	EPI_ISL_544705	2020-04-06	North America / USA / Texas / Houston	Human			unknown	unknown	unknown		Original			A.3	S	(NSP14_F233L,N_A208G,NSP3_P153L,NS8_V62L,NSP9_T109I,NSP8_M129I,NSP1_D75E,NS8_L84S)
hCoV-19/USA/TX-HMH-2145/2020	EPI_ISL_545143	2020-05-22	North America / USA / Texas / Houston	Human			unknown	unknown	unknown		Original			A.3	S	(NSP14_F233L,NSP2_P602L,N_A208G,NSP3_P153L,Spike_Q218E,NS8_V62L,NSP8_M129I,NSP1_D75E,NS8_L84S)
hCoV-19/USA/TX-HMH-2451/2020	EPI_ISL_545317	2020-05-28	North America / USA / Texas / Houston	Human			unknown	unknown	unknown		Original			A.3	S	(NSP14_F233L,N_T393I,NSP6_A46V,N_A208G,NSP3_P153L,NS8_V62L,NSP8_M129I,NSP1_D75E,NS8_L84S,NS3_E239K)
hCoV-19/USA/TX-HMH-2486/2020	EPI_ISL_545336	2020-05-31	North America / USA / Texas / Houston	Human			unknown	unknown	unknown		Original			A.3	S	(N_T393I,NSP6_A46V,N_A208G,NSP3_P153L,NS8_V62L,NSP8_M129I,NSP1_D75E,NS8_L84S,NS3_E239K)
hCoV-19/USA/TX-HMH-783/2020	EPI_ISL_545653	2020-04-08	North America / USA / Texas / Houston	Human			unknown	unknown	unknown		Original			A.3	S	(NSP14_F233L,N_T393I,N_A208G,NSP3_P153L,NS8_V62L,NSP8_M129I,NSP1_D75E,NS8_L84S)
hCoV-19/USA/TX-HMH-815/2020	EPI_ISL_545849	2020-04-10	North America / USA / Texas / Houston	Human			unknown	unknown	unknown		Original			A.3	S	(NSP14_F233L,N_T393I,N_A208G,NSP3_P153L,NS8_V62L,NSP8_M129I,NSP1_D75E,NS8_L84S)
hCoV-19/USA/TX-HMH-819/2020	EPI_ISL_545852	2020-04-08	North America / USA / Texas / Houston	Human			unknown	unknown	unknown		Original			A.3	S	(NSP14_F233L,N_T393I,N_A208G,NSP3_P153L,NS8_V62L,NSP8_M129I,NSP1_D75E,NS8_L84S)
hCoV-19/USA/TX-HMH-870/2020	EPI_ISL_545887	2020-04-08	North America / USA / Texas / Houston	Human			unknown	unknown	unknown		Original			A.3	S	(NSP14_F233L,N_T393I,N_A208G,NSP3_P153L,NS8_V62L,NSP8_M129I,NSP1_D75E,NS8_L84S)
hCoV-19/USA/TX-HMH-896/2020	EPI_ISL_545908	2020-04-10	North America / USA / Texas / Houston	Human			unknown	unknown	unknown		Original			A.3	S	(NSP14_F233L,NSP16_M131I,N_T393I,NS3_T14I,N_A208G,NSP3_P153L,NS8_V62L,NSP8_M129I,NSP1_D75E,NS8_L84S)
hCoV-19/USA/TX-HMH-915/2020	EPI_ISL_545916	2020-04-16	North America / USA / Texas / Houston	Human			unknown	unknown	unknown		Original			A.3	S	(NSP14_F233L,NSP16_M131I,N_T393I,NS3_T14I,N_A208G,NSP3_P153L,NS8_V62L,NSP8_M129I,NSP1_D75E,NS8_L84S)
hCoV-19/USA/TX-HMH-916/2020	EPI_ISL_545917	2020-04-17	North America / USA / Texas / Houston	Human			unknown	unknown	unknown		Original			A.3	S	(NSP14_F233L,N_T393I,NSP13_A237T,N_A208G,NSP3_P153L,NS8_V62L,NS8_I88V,NSP8_M129I,NSP1_D75E,NS8_L84S)
hCoV-19/USA/TX-HMH-930/2020	EPI_ISL_545925	2020-04-17	North America / USA / Texas / Houston	Human			unknown	unknown	unknown		Original			A.3	S	(NSP14_F233L,N_T393I,Spike_G446V,NSP3_T1348I,NSP3_F430S,Spike_P728L,N_A208G,NSP3_P153L,NS8_V62L,NSP3_R352H,NSP8_M129I,NSP1_D75E,NS8_L84S,NSP4_V167L)
hCoV-19/USA/TX-HMH-973/2020	EPI_ISL_545940	2020-04-10	North America / USA / Texas / Houston	Human			unknown	unknown	unknown		Original			A.3	S	(NSP14_F233L,N_T393I,N_D63N,N_A208G,NSP3_P153L,NS8_V62L,NSP8_M129I,NSP1_D75E,NS8_L84S)
hCoV-19/USA/TX-HMH-985/2020	EPI_ISL_545947	2020-04-10	North America / USA / Texas / Houston	Human			unknown	unknown	unknown		Original			A.3	S	(NSP14_F233L,N_T393I,N_A208G,NSP3_P153L,NS8_V62L,NSP8_M129I,NSP1_D75E,NSP12_T141I,NS8_L84S)
hCoV-19/USA/TX-HMH-996/2020	EPI_ISL_545953	2020-04-03	North America / USA / Texas / Houston	Human			unknown	unknown	unknown		Original			A.3	S	(NSP14_F233L,N_T393I,NSP3_A1310V,N_A208G,NSP3_P153L,NS8_V62L,NSP8_M129I,NSP1_D75E,NS8_L84S)
hCoV-19/USA/TX-HMH-675/2020	EPI_ISL_546214	2020-04-12	North America / USA / Texas / Houston	Human			unknown	unknown	unknown		Original			A.3	S	(NSP14_F233L,N_T393I,N_A208G,NSP3_P153L,NS8_V62L,NSP8_M129I,NSP1_D75E,NS8_L84S)
hCoV-19/USA/TX-HMH-717/2020	EPI_ISL_546565	2020-04-08	North America / USA / Texas / Houston	Human			unknown	unknown	unknown		Original			A.3	S	(NSP14_F233L,N_T393I,N_A208G,NSP3_P153L,NS8_V62L,NSP8_M129I,NSP1_D75E,NS8_L84S)
hCoV-19/USA/TX-HMH-741/2020	EPI_ISL_546747	2020-04-09	North America / USA / Texas / Houston	Human			unknown	unknown	unknown		Original			A.3	S	(NSP1_T12I,NSP14_F233L,N_T393I,N_A208G,NSP3_P153L,NS8_V62L,NSP8_M129I,NSP1_D75E,NS8_L84S)
hCoV-19/USA/TX-HMH-749/2020	EPI_ISL_546797	2020-04-03	North America / USA / Texas / Houston	Human			unknown	unknown	unknown		Original			A.3	S	(NSP14_F233L,N_T393I,N_A208G,NSP3_P153L,NS8_V62L,NSP8_M129I,NSP1_D75E,NS8_L84S)
hCoV-19/USA/TX-HMH-751/2020	EPI_ISL_546810	2020-04-03	North America / USA / Texas / Houston	Human			unknown	unknown	unknown		Original			A.3	S	(NSP14_F233L,N_T393I,NSP12_Q822H,N_A208G,NSP3_P153L,NS8_V62L,NSP8_M129I,NSP1_D75E,NS8_L84S)
hCoV-19/USA/TX-HMH-765/2020	EPI_ISL_546913	2020-04-02	North America / USA / Texas / Houston	Human			unknown	unknown	unknown		Original			A.3	S	(NSP14_F233L,N_T393I,N_A208G,NSP3_P153L,NS8_V62L,NSP8_M129I,NSP1_D75E,NS8_L84S)
hCoV-19/USA/TX-HMH-568/2020	EPI_ISL_546940	2020-04-09	North America / USA / Texas / Houston	Human			unknown	unknown	unknown		Original			A.3	S	(NSP14_F233L,N_T393I,N_A208G,NSP3_P153L,NS8_V62L,NSP8_M129I,NSP1_D75E,NS8_L84S)
hCoV-19/USA/TX-HMH-570/2020	EPI_ISL_546952	2020-04-06	North America / USA / Texas / Houston	Human			unknown	unknown	unknown		Original			A.3	S	(NSP14_F233L,N_T393I,N_A208G,NSP3_P153L,NS8_V62L,NSP8_M129I,NSP1_D75E,NS8_L84S)
hCoV-19/USA/TX-HMH-571/2020	EPI_ISL_546959	2020-04-06	North America / USA / Texas / Houston	Human			unknown	unknown	unknown		Original			A.3	S	(NSP14_F233L,N_T393I,N_A208G,NSP3_P153L,NSP3_S1375F,NS8_V62L,NSP8_M129I,NSP1_D75E,NS8_L84S)
hCoV-19/USA/MD-MDH-0193/2020	EPI_ISL_560806	2020-04-20	North America / USA / Maryland	Human			unknown	unknown	unknown		Original	Nasopharyngeal swab		A.3	S	(NSP14_F233L,NSP16_G113C,N_A208G,NSP3_P153L,NS8_V62L,NSP8_M129I,NSP1_D75E,NS8_L84S)
hCoV-19/USA/DE-DHSS-F917736/2020	EPI_ISL_561346	2020-03-24	North America / USA / Delaware / New Castle County	Human			Male	36	unknown		Original			A.3	S	(NSP14_F233L,N_A208G,NSP3_P153L,NS8_V62L,NSP8_M129I,NSP1_D75E,NS8_L84S)
hCoV-19/USA/CA-QDX-449/2020	EPI_ISL_571171	2020-03-21	North America / USA / California	Human			Female	51	unknown		Original			A.3	S	(NSP14_F233L,NSP12_V182L,N_A208G,NSP3_P153L,NS8_V62L,NSP8_M129I,NSP1_D75E,NS8_L84S)
hCoV-19/USA/FL-QDX-574/2020	EPI_ISL_571286	2020-03-18	North America / USA / Florida	Human			Male	37	unknown		Original			A.3	S	(NSP14_F233L,N_T393I,N_A208G,NSP3_P153L,NS8_V62L,NSP8_M129I,NSP1_D75E,NS8_L84S)
hCoV-19/USA/GA-QDX-578/2020	EPI_ISL_571289	2020-03-17	North America / USA / Georgia	Human			Female	29	unknown		Original			A.3	S	(NSP14_F233L,N_A208G,NSP3_P153L,NS8_V62L,NSP8_M129I,NSP1_D75E,NS8_L84S,N_T271I)
hCoV-19/USA/GA-QDX-582/2020	EPI_ISL_571293	2020-03-17	North America / USA / Georgia	Human			Female	28	unknown		Original			A.3	S	(NSP14_F233L,N_A208G,NSP3_P153L,NS8_V62L,NSP8_M129I,NSP1_D75E,NS8_L84S)
hCoV-19/USA/GA-QDX-585/2020	EPI_ISL_571294	2020-03-18	North America / USA / Georgia	Human			Female	64	unknown		Original			A.3	S	(NSP14_F233L,N_A208G,NSP3_P153L,NS8_V62L,NSP8_M129I,NSP1_D75E,NS8_L84S)
hCoV-19/USA/GA-QDX-594/2020	EPI_ISL_571295	2020-03-18	North America / USA / Georgia	Human			Female	29	unknown		Original			A.3	S	(NSP14_F233L,N_A208G,NSP3_P153L,NS8_V62L,NSP8_M129I,NSP1_D75E,NS8_L84S)
hCoV-19/USA/HI-QDX-759/2020	EPI_ISL_571528	2020-03-18	North America / USA / Hawaii	Human			Female	27	unknown		Original			A.3	S	(NSP14_F233L,N_T393I,N_A208G,NSP3_P153L,NS8_V62L,NSP8_M129I,NSP1_D75E,NS8_L84S)
hCoV-19/USA/FL-QDX-943/2020	EPI_ISL_571598	2020-03-22	North America / USA / Florida	Human			Male	44	unknown		Original			A.3	S	(NSP14_F233L,N_A208G,NSP3_P153L,NS8_V62L,NSP8_M129I,NSP1_D75E,NS8_L84S)
hCoV-19/USA/TX-QDX-1096/2020	EPI_ISL_571902	2020-03-20	North America / USA / Texas	Human			Female	22	unknown		Original			A.3	S	(NSP14_F233L,N_T393I,N_A208G,NSP3_P153L,NSP3_S1375F,NS8_V62L,NSP8_M129I,NSP12_T604I,NSP1_D75E,NS8_L84S)
hCoV-19/USA/TX-QDX-1097/2020	EPI_ISL_571903	2020-03-20	North America / USA / Texas	Human			Female	43	unknown		Original			A.3	S	(NSP14_F233L,N_T393I,N_A208G,NSP3_P153L,NS8_V62L,NSP8_M129I,NSP1_D75E,NS8_L84S)
hCoV-19/USA/LA-QDX-1193/2020	EPI_ISL_571939	2020-03-16	North America / USA / Louisiana	Human			Female	23	unknown		Original			A.3	S	(NSP14_F233L,N_A208G,NSP3_P153L,NS8_V62L,NSP8_M129I,NSP1_D75E,NS8_L84S)
hCoV-19/USA/TX-QDX-1198/2020	EPI_ISL_572036	2020-03-16	North America / USA / Texas	Human			Male	60	unknown		Original			A.3	S	(NSP14_F233L,N_T393I,N_A208G,NSP3_P153L,NS8_V62L,NSP8_M129I,NSP1_D75E,NS8_L84S)
hCoV-19/USA/TX-QDX-1201/2020	EPI_ISL_572038	2020-03-16	North America / USA / Texas	Human			Female	45	unknown		Original			A.3	S	(NSP14_F233L,N_T393I,N_A208G,NSP3_P153L,NS8_V62L,NSP8_M129I,NSP1_D75E,NS8_L84S)
hCoV-19/USA/UT-UPHL-03753/2020	EPI_ISL_575103	2020-04-03	North America / USA / Utah	Human			unknown	unknown	unknown		Original			A.3	S	(NSP14_F233L,N_T393I,N_A208G,NSP3_P153L,NS8_V62L,NSP8_M129I,NSP1_D75E,NS8_L84S,N_T16M)
hCoV-19/USA/DE-DHSS-F917908/2020	EPI_ISL_576163	2020-03-25	North America / USA / Delaware / New Castle County	Human			Female	41	unknown		Original			A.3	S	(NSP14_F233L,N_A208G,NSP3_P153L,NS8_V62L,NSP8_M129I,NSP1_D75E,NS8_L84S)
hCoV-19/USA/DC-CDC-8704/2020	EPI_ISL_576178	2020-04-21	North America / USA / District of Columbia	Human			Male	72	unknown		Original	Nasopharyngeal swab		A.3	O	(NSP14_F233L,NSP12_H82Y,NS8_L95F,N_A208G,NSP2_T85I,NSP3_P153L,NS8_V62L,NSP8_M129I,NSP1_D75E,NS8_L84S)
hCoV-19/USA/WI-WSLH-200133/2020	EPI_ISL_578361	2020-04-23	North America / USA / Wisconsin / Racine County	Human			unknown	unknown	unknown		Original			A.3	S	(NSP14_F233L,N_A208G,NSP3_P153L,NS8_V62L,NSP8_M129I,NSP1_D75E,NS8_L84S)
hCoV-19/USA/WI-WSLH-200239/2020	EPI_ISL_578459	2020-04-13	North America / USA / Wisconsin / Racine County	Human			unknown	unknown	unknown		Original			A.3	S	(NSP14_F233L,N_A208G,NSP3_P153L,NS8_V62L,NSP8_M129I,NSP1_D75E,NS8_L84S)
hCoV-19/New Zealand/20VR2476/2020	EPI_ISL_579237	2020	Oceania / New Zealand / Auckland	Human			Female	unknown	unknown		Original	Nasopharyngeal swab		A.3	S	(NSP14_F233L,N_A208G,NSP3_P153L,NS8_V62L,NSP8_M129I,NSP1_D75E,NS8_L84S)
hCoV-19/Canada/NS-NML-930/2020	EPI_ISL_579570	2020-03-25	North America / Canada / Nova Scotia	Human			Male	17	unknown		Original	Nasopharyngeal swab		A.3	S	(NSP14_F233L,N_A208G,NSP3_P153L,NS8_V62L,NSP8_M129I,NSP1_D75E,NS8_L84S)
hCoV-19/USA/UT-UPHL-201017686/2020	EPI_ISL_594090	2020-04-09	North America / USA / Utah	Human			unknown	unknown	unknown		Original			A.3	S	(NSP14_F233L,N_T393I,NSP3_G307C,N_A208G,NSP3_P153L,NS8_V62L,NSP8_M129I,NSP1_D75E,NS8_L84S)
hCoV-19/USA/CA-QDX-1528/2020	EPI_ISL_603781	2020-03-17	North America / USA / California	Human			Male	58	unknown		Original			A.3	S	(NSP14_F233L,N_A208G,NSP3_P153L,NS8_V62L,NSP8_M129I,NSP1_D75E,NS8_L84S)
hCoV-19/USA/UT-QDX-1462/2020	EPI_ISL_603847	2020-03-16	North America / USA / Utah	Human			Male	55	unknown		Original			A.3	S	(NSP14_F233L,N_T393I,N_A208G,NSP3_P153L,NS8_V62L,NSP8_M129I,NSP1_D75E,NS8_L84S)
hCoV-19/USA/UT-QDX-1466/2020	EPI_ISL_603851	2020-03-15	North America / USA / Utah	Human			Male	31	unknown		Original			A.3	S	(NSP1_F143del,NSP14_F233L,NSP1_K141del,NSP1_S142del,N_A208G,NSP3_P153L,NS8_V62L,NSP8_M129I,NSP1_D75E,NS8_L84S)
hCoV-19/USA/AZ-QDX-1568/2020	EPI_ISL_603872	2020-03-17	North America / USA / Arizona	Human			Female	39	unknown		Original			A.3	S	(NSP14_F233L,N_A208G,NSP3_P153L,NS8_V62L,NSP8_M129I,NSP1_D75E,NS8_L84S)
hCoV-19/USA/MI-QDX-1681/2020	EPI_ISL_603969	2020-03-17	North America / USA / Michigan	Human			Male	26	unknown		Original			A.3	S	(NSP14_F233L,N_A208G,NSP3_P153L,NS8_V62L,NSP8_M129I,NSP1_D75E,NS8_L84S)
hCoV-19/USA/GA-QDX-1742/2020	EPI_ISL_604025	2020-03-16	North America / USA / Georgia	Human			Male	39	unknown		Original			A.3	S	(NSP14_F233L,N_A208G,NSP3_P153L,NS8_V62L,NSP8_M129I,NSP1_D75E,NS8_L84S)
hCoV-19/USA/TX-QDX-1764/2020	EPI_ISL_604093	2020-03-19	North America / USA / Texas	Human			Male	30	unknown		Original			A.3	S	(NSP14_F233L,N_T393I,N_A208G,NSP3_P153L,NS8_V62L,NSP8_M129I,NSP1_D75E,NS8_L84S)
hCoV-19/USA/UT-QDX-1825/2020	EPI_ISL_604144	2020-03-14	North America / USA / Utah	Human			Female	30	unknown		Original			A.3	S	(NSP14_F233L,N_A208G,NSP3_P153L,NS8_V62L,NSP8_M129I,NSP1_D75E,NS8_L84S)
hCoV-19/USA/UT-QDX-1833/2020	EPI_ISL_604151	2020-03-14	North America / USA / Utah	Human			Female	58	unknown		Original			A.3	S	(NSP14_F233L,N_A208G,NSP3_P153L,NS8_V62L,NSP8_M129I,NSP1_D75E,NS8_L84S)
hCoV-19/USA/CA-QDX-2019/2020	EPI_ISL_604308	2020-03-23	North America / USA / California	Human			Male	39	unknown		Original			A.3	S	(NSP14_F233L,N_A208G,NSP3_P153L,NS8_V62L,NSP8_M129I,NSP1_D75E,NS8_L84S)
hCoV-19/USA/CA-QDX-2022/2020	EPI_ISL_604310	2020-03-19	North America / USA / California	Human			Female	74	unknown		Original			A.3	S	(NSP14_F233L,N_A208G,NSP3_P153L,NS8_V62L,NSP8_M129I,NSP1_D75E,NS8_L84S)
hCoV-19/USA/CA-QDX-2039/2020	EPI_ISL_604319	2020-03-18	North America / USA / California	Human			Male	38	unknown		Original			A.3	S	(NSP14_F233L,N_T393I,N_A208G,NSP3_P153L,NS8_V62L,NSP8_M129I,NSP1_D75E,NS8_L84S)
hCoV-19/USA/FL-QDX-2018/2020	EPI_ISL_604326	2020-03-16	North America / USA / Florida	Human			Male	66	unknown		Original			A.3	S	(NSP14_F233L,N_A208G,NSP3_P153L,NS8_V62L,NSP8_M129I,NSP1_D75E,NS8_L84S)
hCoV-19/USA/TX-QDX-2122/2020	EPI_ISL_604486	2020-03-20	North America / USA / Texas	Human			Female	29	unknown		Original			A.3	S	(NSP14_F233L,N_T393I,N_A208G,NSP3_P153L,NS8_V62L,NSP8_M129I,NSP1_D75E,NS8_L84S)
hCoV-19/USA/MN-QDX-2258/2020	EPI_ISL_604551	2020-03-14	North America / USA / Minnesota	Human			Male	78	unknown		Original			A.3	S	(NSP14_F233L,N_A208G,NSP3_P153L,NS8_V62L,NSP8_M129I,NSP1_D75E,NS8_L84S)
hCoV-19/USA/GA-QDX-2420/2020	EPI_ISL_604695	2020-03-16	North America / USA / Georgia	Human			Female	55	unknown		Original			A.3	S	(NSP14_F233L,N_A208G,NSP3_P153L,NS8_V62L,NSP8_M129I,NSP1_D75E,NS8_L84S)
hCoV-19/USA/GA-QDX-2425/2020	EPI_ISL_604697	2020-03-16	North America / USA / Georgia	Human			Male	43	unknown		Original			A.3	S	(NSP14_F233L,N_A208G,NSP3_P153L,NS8_V62L,NSP8_M129I,NSP1_D75E,NS8_L84S)
hCoV-19/USA/UT-QDX-2491/2020	EPI_ISL_604853	2020-03-12	North America / USA / Utah	Human			Male	72	unknown		Original			A.3	S	(NSP1_F143del,NSP14_F233L,NSP1_K141del,NSP1_S142del,N_A208G,NSP3_P153L,NS8_V62L,NSP8_M129I,NSP1_D75E,NS8_L84S)
hCoV-19/USA/UT-QDX-2550/2020	EPI_ISL_604865	2020-03-13	North America / USA / Utah	Human			Male	42	unknown		Original			A.3	S	(NSP14_F233L,N_A208G,NSP3_P153L,NS8_V62L,NSP8_M129I,NSP1_D75E,NS8_L84S)
hCoV-19/USA/GA-QDX-2571/2020	EPI_ISL_604931	2020-03-14	North America / USA / Georgia	Human			Female	86	unknown		Original			A.3	S	(NSP14_F233L,N_A208G,NSP3_P153L,NS8_V62L,NSP2_T634I,NSP8_M129I,NSP1_D75E,NS8_L84S,NSP6_L37F)
hCoV-19/USA/UT-QDX-2607/2020	EPI_ISL_604969	2020-03-13	North America / USA / Utah	Human			Female	52	unknown		Original			A.3	S	(NSP14_F233L,N_T393I,N_A208G,NSP3_P153L,NS8_V62L,NSP8_M129I,NSP1_D75E,NS8_L84S)
hCoV-19/USA/FL-BPHL-1867/2020	EPI_ISL_613757	2020-04-09	North America / USA / Florida	Human			unknown	unknown	unknown		Original			A.3	S	(NSP14_F233L,NSP12_A95V,N_A208G,NSP3_P153L,NS8_V62L,NSP8_M129I,NSP1_D75E,NS8_L84S)
hCoV-19/USA/FL-BPHL-1868/2020	EPI_ISL_613765	2020-04-09	North America / USA / Florida	Human			unknown	unknown	unknown		Original			A.3	S	(NSP14_F233L,NSP12_A95V,N_A208G,NSP3_P153L,NS8_V62L,NSP8_M129I,NSP1_D75E,NS8_L84S)
hCoV-19/USA/FL-BPHL-1830/2020	EPI_ISL_613915	2020-04-08	North America / USA / Florida	Human			unknown	unknown	unknown		Original			A.3	S	(NSP14_F233L,NSP12_A95V,N_A208G,NSP3_P153L,NS8_V62L,NSP8_M129I,NSP1_D75E,NS8_L84S)
hCoV-19/USA/FL-BPHL-1852/2020	EPI_ISL_613932	2020-04-06	North America / USA / Florida	Human			unknown	unknown	unknown		Original			A.3	S	(NSP14_F233L,NSP12_A95V,N_A208G,NSP3_P153L,NS8_V62L,NSP8_M129I,NSP1_D75E,NS8_L84S)
hCoV-19/USA/FL-BPHL-1854/2020	EPI_ISL_613934	2020-04-06	North America / USA / Florida	Human			unknown	unknown	unknown		Original			A.3	S	(NSP14_F233L,NSP12_A95V,N_A208G,NSP3_P153L,NS8_V62L,NSP8_M129I,NSP1_D75E,NS8_L84S)
hCoV-19/USA/FL-BPHL-1865/2020	EPI_ISL_613943	2020-04-09	North America / USA / Florida	Human			unknown	unknown	unknown		Original			A.3	S	(NSP14_F233L,NSP12_A95V,N_A208G,NSP3_P153L,NS8_V62L,NS6_L29V,NSP8_M129I,NSP1_D75E,NS8_L84S)
hCoV-19/USA/FL-BPHL-1866/2020	EPI_ISL_613944	2020-04-09	North America / USA / Florida	Human			unknown	unknown	unknown		Original			A.3	S	(NSP14_F233L,NSP15_T274I,NSP12_A95V,N_A208G,NSP3_P153L,NS8_V62L,NSP8_M129I,NSP1_D75E,NS8_L84S)
hCoV-19/USA/FL-BPHL-1869/2020	EPI_ISL_613945	2020-04-09	North America / USA / Florida	Human			unknown	unknown	unknown		Original			A.3	S	(NSP14_F233L,NSP12_A95V,N_A208G,NSP3_P153L,NS8_V62L,NSP8_M129I,NSP1_D75E,NS8_L84S)
hCoV-19/USA/FL-BPHL-1870/2020	EPI_ISL_613946	2020-04-09	North America / USA / Florida	Human			unknown	unknown	unknown		Original			A.3	S	(NSP14_F233L,NSP12_A95V,N_A208G,NSP3_P153L,NS8_V62L,NSP8_M129I,NSP1_D75E,NS8_L84S)
hCoV-19/USA/FL-BPHL-1871/2020	EPI_ISL_613947	2020-04-09	North America / USA / Florida	Human			unknown	unknown	unknown		Original			A.3	S	(NSP14_F233L,NSP12_A95V,N_A208G,NSP3_P153L,NS8_V62L,NSP8_M129I,NSP1_D75E,NS8_L84S,NSP3_T819A)
hCoV-19/USA/FL-BPHL-1872/2020	EPI_ISL_613948	2020-04-09	North America / USA / Florida	Human			unknown	unknown	unknown		Original			A.3	S	(NSP14_F233L,NSP12_A95V,N_A208G,NSP3_P153L,NS8_V62L,NSP8_M129I,NSP1_D75E,NS8_L84S)
hCoV-19/USA/IL-NM-0499/2020	EPI_ISL_626434	2020-04-24	North America / USA / Illinois / Chicago	Human			unknown	unknown	unknown		Original			A.3	S	(NSP14_F233L,NSP3_T182I,N_A208G,NSP3_P153L,NS8_V62L,NSP8_M129I,NSP1_D75E,NS8_L84S)
hCoV-19/USA/IL-NM-0672/2020	EPI_ISL_626464	2020-03-28	North America / USA / Illinois / Chicago	Human			unknown	unknown	unknown		Original			A.3	S	(NSP14_F233L,N_A208G,NSP3_P153L,NS8_V62L,NSP8_M129I,NSP1_D75E,NS8_L84S)
hCoV-19/USA/NY-NYCPHL-000282/2020	EPI_ISL_631808	2020-03-20	North America / USA / New York / New York City	Human			Male	67	Deceased		Original			A.3	S	(NSP14_F233L,N_T393I,NSP13_S589I,N_A208G,NSP3_P153L,NS8_V62L,NSP8_M129I,NSP1_D75E,NS8_L84S)
hCoV-19/USA/NY-NYCPHL-000290/2020	EPI_ISL_631816	2020-03-20	North America / USA / New York / New York City	Human			Female	80	unknown		Original			A.3	S	(NSP14_F233L,N_T393I,NSP13_S589I,N_A208G,NSP3_P153L,NS8_V62L,NSP8_M129I,NSP1_D75E,NS8_L84S)
hCoV-19/USA/TX-DSHS-1017/2020	EPI_ISL_644171	2020-03-19	North America / USA / Texas / Gasconade	Human			unknown	unknown	unknown		Original			A.3	S	(NSP14_F233L,N_T393I,N_A208G,NSP3_P153L,NS8_V62L,NSP13_P47T,NSP8_M129I,NSP1_D75E,NS8_L84S)
hCoV-19/USA/MS-CDC-6568/2020	EPI_ISL_648020	2020-03-11	North America / USA / Mississippi	Human			Female	68	unknown		Original	Nasopharyngeal swab		A.3	S	(NSP14_F233L,N_T393I,NSP12_V737F,N_A208G,NSP3_P153L,NS8_V62L,NSP8_M129I,NSP1_D75E,NS8_L84S)
hCoV-19/USA/MS-CDC-6574/2020	EPI_ISL_648026	2020-03-15	North America / USA / Mississippi	Human			Male	82	unknown		Original	Nasopharyngeal swab		A.3	S	(NSP14_F233L,N_A208G,NSP3_P153L,NS8_V62L,NSP8_M129I,NSP1_D75E,NS8_L84S)
hCoV-19/USA/FL-BPHL-1945/2020	EPI_ISL_653098	2020-04-09	North America / USA / Florida	Human			unknown	unknown	unknown		Original			A.3	S	(NSP14_F233L,NSP12_A95V,N_A208G,NSP3_P153L,NS8_V62L,NSP8_M129I,NSP1_D75E,NS8_L84S)
hCoV-19/USA/FL-BPHL-1972/2020	EPI_ISL_653125	2020-04-16	North America / USA / Florida	Human			unknown	unknown	unknown		Original			A.3	S	(NSP14_F233L,NSP12_A95V,N_A208G,NSP3_P153L,NS8_V62L,NSP8_M129I,NSP1_D75E,NS8_L84S)
hCoV-19/USA/FL-BPHL-1973/2020	EPI_ISL_653126	2020-04-16	North America / USA / Florida	Human			unknown	unknown	unknown		Original			A.3	S	(NSP14_F233L,NSP12_A95V,NS8_A65V,N_A208G,NSP3_P153L,NS8_V62L,NSP8_M129I,NSP1_D75E,NS8_L84S,NSP3_T819A)
hCoV-19/USA/FL-BPHL-1974/2020	EPI_ISL_653127	2020-04-16	North America / USA / Florida	Human			unknown	unknown	unknown		Original			A.3	S	(NSP14_F233L,NSP12_A95V,N_A208G,NSP3_P153L,NS8_V62L,NSP8_M129I,NSP1_D75E,NS8_L84S,NSP3_T819A)
hCoV-19/USA/FL-BPHL-1975/2020	EPI_ISL_653128	2020-04-13	North America / USA / Florida	Human			unknown	unknown	unknown		Original			A.3	S	(NSP14_F233L,NSP12_A95V,N_A208G,NSP3_P153L,NS8_V62L,NSP8_M129I,NSP1_D75E,NS8_L84S)
hCoV-19/USA/FL-BPHL-1994/2020	EPI_ISL_653147	2020-04-16	North America / USA / Florida	Human			unknown	unknown	unknown		Original			A.3	S	(NSP1_F143del,NSP14_F233L,NSP12_A95V,NSP1_K141del,NSP1_S142del,N_A208G,NSP3_P153L,NS8_V62L,NSP8_M129I,NSP1_D75E,NS8_L84S)
hCoV-19/USA/FL-BPHL-1995/2020	EPI_ISL_653148	2020-04-17	North America / USA / Florida	Human			unknown	unknown	unknown		Original			A.3	S	(NSP1_F143del,NSP14_F233L,NSP12_A95V,NSP1_K141del,NSP1_S142del,N_A208G,NSP3_P153L,NS8_V62L,NSP8_M129I,NSP1_D75E,NS8_L84S)
hCoV-19/USA/AZ-TG670274/2020	EPI_ISL_696446	2020-03-25	North America / USA / Arizona	Human			unknown	unknown	unknown		Original			A.3	S	(NSP14_F233L,N_T393I,N_A208G,NSP3_P153L,NS8_V62L,NSP8_M129I,NSP1_D75E,NS8_L84S)
hCoV-19/USA/GA-EHC-161G/2020	EPI_ISL_754748	2020-04-09	North America / USA / Georgia	Human			Male	41	unknown		Original	Nasopharyngeal swab		A.3	S	(NSP14_F233L,NSP15_K259N,N_A208G,NSP3_P153L,NS8_V62L,NSP8_M129I,NSP1_D75E,NS8_L84S)
hCoV-19/USA/GA-EHC-043Q/2020	EPI_ISL_754759	2020-03-15	North America / USA / Georgia	Human			Male	74	unknown		Original	Nasopharyngeal swab		A.3	S	(NSP14_F233L,N_A208G,NSP3_P153L,NS8_V62L,NSP8_M129I,NSP1_D75E,NS8_L84S)
hCoV-19/USA/GA-EHC-044R/2020	EPI_ISL_754760	2020-03-15	North America / USA / Georgia	Human			Male	64	unknown		Original	Nasopharyngeal swab		A.3	S	(NSP3_E731V,NSP14_F233L,N_A208G,NSP3_P153L,NS8_V62L,NSP8_M129I,NSP1_D75E,NS8_L84S)
hCoV-19/USA/GA-EHC-052Z/2020	EPI_ISL_754762	2020-03-16	North America / USA / Georgia	Human			Male	60	unknown		Original	Nasopharyngeal swab		A.3	S	(NSP14_F233L,NSP2_G339S,N_A208G,NSP3_P153L,NS8_V62L,NSP8_M129I,NSP1_D75E,NS8_L84S)
hCoV-19/USA/GA-EHC-054B/2020	EPI_ISL_754764	2020-03-16	North America / USA / Georgia	Human			Male	38	unknown		Original	Nasopharyngeal swab		A.3	S	(NSP14_F233L,N_A208G,NSP3_P153L,NS8_V62L,NSP8_M129I,NSP1_D75E,NS8_L84S)
hCoV-19/USA/GA-EHC-139K/2020	EPI_ISL_754769	2020-04-06	North America / USA / Georgia	Human			Female	64	unknown		Original	Nasopharyngeal swab		A.3	S	(NSP14_F233L,N_A208G,NSP3_P153L,NS8_V62L,NSP8_M129I,NSP1_D75E,NS8_L84S)
hCoV-19/USA/GA-EHC-023W/2020	EPI_ISL_754776	2020-03-13	North America / USA / Georgia	Human			Female	40	unknown		Original	Nasopharyngeal swab		A.3	S	(NSP14_F233L,NSP2_G339S,N_A208G,NSP3_P153L,NS8_V62L,NSP8_M129I,NSP1_D75E,NS8_L84S)
hCoV-19/USA/TX-HMH-MCoV-13481/2020	EPI_ISL_788610	2020-08-22	North America / USA / Texas / Houston	Human			unknown	unknown	unknown		Original			A.3	S	(NSP14_F233L,Spike_D253B,N_T393I,NSP5_A255V,N_A208G,NSP3_P153L,NS8_V62L,NSP8_M129I,NSP1_D75E,NS8_L84S,N_S327L,N_P383L)
hCoV-19/USA/MA-MGH-00908/2020	EPI_ISL_791818	2020-04-10	North America / USA / Massachusetts	Human			unknown	unknown	unknown		Original	Nasopharynx (NP)		A.3	S	(NSP14_F233L,NSP3_T725A,N_R203K,N_A208G,NSP3_P153L,NS8_V62L,NSP3_S1212L,NSP8_M129I,NSP1_D75E,NS8_L84S)
hCoV-19/USA/DC-DFS-PHL-0079/2020	EPI_ISL_804863	2020-06-26	North America / USA / District of Columbia	Human			unknown	unknown	unknown		Original			A.3	S	(NSP14_F233L,N_T393I,NSP3_T1306I,Spike_G946R,N_A208G,NSP3_P153L,N_S37P,NS8_V62L,NSP8_M129I,NSP1_D75E,NS8_L84S,Spike_N856T)
hCoV-19/Canada/AB-76629/2020	EPI_ISL_806416	2020-03-27	North America / Canada / Alberta	Human			unknown	unknown	unknown		Original	Nasopharyngeal swab		A.3	S	(NSP14_F233L,N_T393I,N_A208G,NSP3_P153L,NS8_V62L,NSP8_M129I,NSP1_D75E,NS8_L84S)
hCoV-19/USA/AR-USAFSAM-S100/2020	EPI_ISL_812308	2020-03-19	North America / USA / Arkansas	Human			Male	25	unknown		Original	Nasopharyngeal swab		A.3	S	(NSP14_F233L,NSP13_K460R,N_A208G,NSP3_P153L,NS8_V62L,NSP8_M129I,NSP1_D75E,NS8_L84S)
hCoV-19/USA/IL-IDPH-C-000124/2020	EPI_ISL_848251	2020-03-22	North America / USA / Illinois / Cook County	Human			unknown	unknown	unknown		Original			A.3	S	(NSP14_F233L,N_A208G,NSP3_P153L,NS8_V62L,NSP8_M129I,NSP1_D75E,NS8_L84S)
hCoV-19/USA/IL-IDPH-C-000420/2020	EPI_ISL_848474	2020-04-30	North America / USA / Illinois / Cook County	Human			unknown	unknown	unknown		Original			A.3	S	(NSP14_F233L,NSP3_I1683T,N_A208G,NSP3_P153L,NS8_V62L,NSP8_M129I,NSP1_D75E,NS8_L84S)
hCoV-19/USA/NY-WCM-0397-1-P/2020	EPI_ISL_855282	2020-03-15	North America / USA / New York	Human			unknown	unknown	unknown		Original	Nasal swab		A.3	S	(NSP14_F233L,N_A208G,NSP3_P153L,NS8_V62L,NSP8_M129I,NSP1_D75E,NS8_L84S)
hCoV-19/USA/NC-UNC-LCCC0014/2020	EPI_ISL_877597	2020-04-17	North America / USA / North Carolina	Human			Female	52	unknown		Original			A.3	S	(NSP14_F233L,N_T393I,NS8_A51S,N_A208G,NSP3_P153L,NS8_V62L,NSP8_M129I,NSP1_D75E,NSP12_T141I,NS8_L84S)
hCoV-19/USA/un-UOM-20x1025/2020	EPI_ISL_884541	2020-03-24	North America / USA	Human			unknown	unknown	unknown		Original	Nasopharyngeal swab		A.3	S	(NSP14_F233L,N_A208G,NSP3_P153L,NS8_V62L,NSP8_M129I,NSP1_D75E,NS8_L84S)
hCoV-19/USA/un-UOM-20x1047/2020	EPI_ISL_884549	2020-03-27	North America / USA	Human			unknown	unknown	unknown		Original	Nasopharyngeal swab		A.3	S	(NSP14_F233L,N_A208G,NSP3_P153L,NS8_V62L,NSP8_M129I,NSP1_D75E,NS8_L84S)
hCoV-19/USA/un-UOM-20x1052/2020	EPI_ISL_884552	2020-03-28	North America / USA	Human			unknown	unknown	unknown		Original	Nasopharyngeal swab		A.3	S	(NSP14_F233L,N_A208G,NSP3_P153L,NS8_V62L,NSP8_M129I,NSP1_D75E,NS8_L84S)
hCoV-19/Canada/QC-JUS-V5230431/2020	EPI_ISL_890488	2020-03-22	North America / Canada / Quebec	Human			Male	42	unknown		Original			A.3	S	(NSP14_F233L,N_A208G,NSP3_P153L,NS8_V62L,NSP8_M129I,NSP1_D75E,NS8_L84S)
hCoV-19/Canada/QC-JUS-V5251969/2020	EPI_ISL_890588	2020-03-24	North America / Canada / Quebec	Human			Male	9	unknown		Original			A.3	S	(NSP14_F233L,N_A208G,NSP3_P153L,NS8_V62L,NSP8_M129I,NSP1_D75E,NS8_L84S)
hCoV-19/Canada/QC-JUS-V5291038/2020	EPI_ISL_890798	2020-03-27	North America / Canada / Quebec	Human			Female	3	unknown		Original			A.3	S	(NSP14_F233L,N_A208G,NSP3_P153L,NS8_V62L,NSP8_M129I,NSP1_D75E,NS8_L84S)
hCoV-19/USA/IN-Lilly-IPB0173-06bc31/2020	EPI_ISL_911470	2020-03-24	North America / USA / Indiana / Indianapolis	Human			Male	48	unknown		Original	Nasopharyngeal swab		A.3	S	(NSP14_F233L,N_A208G,NSP3_P153L,NS8_V62L,NSP8_M129I,NSP1_D75E,NS8_L84S)
hCoV-19/USA/VA-DCLS-0995/2020	EPI_ISL_914865	2020-05-29	North America / USA / Virginia	Human			unknown	unknown	unknown		Original			A.3	S	(NSP3_A1766V,NSP14_F233L,NSP12_R533C,Spike_E180D,N_A208G,NSP3_P153L,NS8_V62L,NSP8_M129I,NSP1_D75E,NS8_L84S)
hCoV-19/USA/IL-NM-0333/2020	EPI_ISL_936497	2020-03-26	North America / USA / Illinois / Chicago	Human			unknown	unknown	unknown		Original			A.3	S	(NSP14_F233L,N_A208G,NSP3_P153L,Spike_A626V,NS8_V62L,NSP8_M129I,NSP1_D75E,NS8_L84S)
hCoV-19/USA/IL-NM-0933/2020	EPI_ISL_936513	2020-05-25	North America / USA / Illinois / Lake County	Human			unknown	unknown	unknown		Original			A.3	S	(NSP14_F233L,N_A208G,NSP3_P153L,NS8_V62L,NSP8_M129I,NSP1_D75E,NS8_L84S)
hCoV-19/USA/OH-PLMI-J4BFF-5177/2020	EPI_ISL_956201	2020-03	North America / USA / Ohio	Human			Male	45	unknown		Original	Nasopharyngeal swab		A.3	S	(NSP14_F233L,NSP2_T422I,N_P6S,N_A208G,NSP3_P153L,NS8_V62L,NSP8_M129I,NSP1_D75E,NS8_L84S)
hCoV-19/USA/NC-UNC-LCCC0230/2020	EPI_ISL_968176	2020-04-15	North America / USA / North Carolina	Human			Male	48	unknown		Original			A.3	S	(NSP14_F233L,N_A208G,NSP3_P153L,NS8_V62L,NSP8_M129I,NSP1_D75E,NS8_L84S)
hCoV-19/USA/NC-UNC-LCCC0235/2020	EPI_ISL_968178	2020-04-30	North America / USA / North Carolina	Human			Male	48	unknown		Original			A.3	S	(NSP14_F233L,N_A208G,NSP3_P153L,NS8_V62L,NSP8_M129I,NSP1_D75E,NS8_L84S)
hCoV-19/USA/NC-UNC-LCCC0239/2020	EPI_ISL_968182	2020-05-16	North America / USA / North Carolina	Human			Female	73	unknown		Original			A.3	S	(NSP14_F233L,NSP3_P153L,NS8_V62L,NSP8_M129I,NSP1_D75E,NS8_L84S)
